product_id,competitor_product_id,competitor_traffic_cnt,competitor_conversion_rate,competitor_content_interact_cnt,competitor_new_user_cnt,competitor_service_rating,competitor_sales_cnt,stat_date,etl_time
P71848979,C87452194,1479,0.1426,57,366,3.9,791,2025-07-28,2025-07-31 10:51:20.254835
P09530413,C67903598,3735,0.1613,282,156,4.3,472,2025-07-29,2025-07-31 10:51:20.254835
P42312885,C71454140,1264,0.2362,52,524,3.3,359,2025-07-11,2025-07-31 10:51:20.254835
P44855579,C91054318,5247,0.0307,270,502,4.4,583,2025-07-29,2025-07-31 10:51:20.254835
P53571817,C46991635,7716,0.2958,133,265,4.3,106,2025-07-23,2025-07-31 10:51:20.254835
P83467874,C54718450,2364,0.0254,13,189,3.8,487,2025-07-08,2025-07-31 10:51:20.254835
P55080545,C78364845,9581,0.2254,397,872,4.8,916,2025-07-12,2025-07-31 10:51:20.254835
P19535981,C94451026,5791,0.1278,53,579,4.5,563,2025-07-01,2025-07-31 10:51:20.254835
P60930253,C47575164,5693,0.0838,34,682,4.4,167,2025-07-06,2025-07-31 10:51:20.254835
P68318989,C82738304,4707,0.0622,275,233,3.6,101,2025-07-04,2025-07-31 10:51:20.254835
P59349223,C46557366,1053,0.1153,415,121,3.1,974,2025-07-11,2025-07-31 10:51:20.254835
P72471058,C57170555,8496,0.1373,452,734,4.4,796,2025-07-11,2025-07-31 10:51:20.254835
P53339277,C47189291,8614,0.2244,112,842,4.3,850,2025-07-28,2025-07-31 10:51:20.254835
P79630590,C31809824,3809,0.1286,140,695,3.8,374,2025-07-11,2025-07-31 10:51:20.254835
P20288347,C44063782,3758,0.1457,400,776,5.0,681,2025-07-08,2025-07-31 10:51:20.254835
P80690617,C00667407,9984,0.2246,439,215,3.4,850,2025-07-18,2025-07-31 10:51:20.254835
P05041702,C56618400,9181,0.1203,192,975,4.2,787,2025-07-09,2025-07-31 10:51:20.254835
P53618214,C67248155,6326,0.051,438,885,4.1,739,2025-07-27,2025-07-31 10:51:20.254835
P46369885,C74068133,3345,0.1531,29,296,4.0,917,2025-07-27,2025-07-31 10:51:20.254835
P40008948,C90470594,9321,0.0179,374,272,4.9,386,2025-07-01,2025-07-31 10:51:20.254835
P75327410,C27974867,5250,0.2285,105,671,4.9,789,2025-07-06,2025-07-31 10:51:20.254835
P03203883,C94525780,4245,0.2728,20,511,4.8,346,2025-07-24,2025-07-31 10:51:20.254835
P07408757,C07130305,8207,0.0571,150,639,4.9,969,2025-07-25,2025-07-31 10:51:20.254835
P98660631,C08380349,8196,0.0451,243,437,3.5,257,2025-07-18,2025-07-31 10:51:20.254835
P35616597,C32731567,9347,0.0423,193,197,4.5,386,2025-07-25,2025-07-31 10:51:20.254835
P17622124,C93122105,4398,0.1163,497,516,5.0,31,2025-07-24,2025-07-31 10:51:20.254835
P48877971,C26575906,5490,0.0573,465,254,3.1,621,2025-07-23,2025-07-31 10:51:20.254835
P53761079,C23109590,4504,0.2349,434,26,4.5,900,2025-07-02,2025-07-31 10:51:20.254835
P20327033,C39341286,4625,0.2416,431,154,3.5,746,2025-07-13,2025-07-31 10:51:20.254835
P35416014,C27897573,6694,0.2841,300,619,3.5,757,2025-07-12,2025-07-31 10:51:20.254835
P29560542,C04488658,593,0.2442,220,144,4.3,821,2025-07-20,2025-07-31 10:51:20.254835
P75335799,C69817647,4770,0.242,435,115,4.0,49,2025-07-28,2025-07-31 10:51:20.254835
P77305439,C28814286,1785,0.1536,67,300,4.3,812,2025-07-04,2025-07-31 10:51:20.254835
P21045404,C70821346,8670,0.0284,380,639,4.1,952,2025-07-10,2025-07-31 10:51:20.254835
P85187434,C26304023,7392,0.1301,374,824,3.6,963,2025-07-20,2025-07-31 10:51:20.254835
P99189210,C81511544,8440,0.2692,170,622,3.9,168,2025-07-17,2025-07-31 10:51:20.254835
P14843995,C13968824,5439,0.1667,134,687,3.2,781,2025-07-20,2025-07-31 10:51:20.254835
P61194771,C10965800,8653,0.2131,436,709,4.5,33,2025-07-29,2025-07-31 10:51:20.254835
P76739352,C83897218,6330,0.0908,189,399,4.4,13,2025-07-27,2025-07-31 10:51:20.254835
P66662563,C35076004,5956,0.226,314,720,3.8,172,2025-07-28,2025-07-31 10:51:20.254835
P10675154,C85297791,8217,0.2257,348,341,3.1,240,2025-07-04,2025-07-31 10:51:20.254835
P30808536,C36554852,2272,0.2133,211,903,4.4,951,2025-07-17,2025-07-31 10:51:20.254835
P58989056,C72831099,1715,0.114,126,834,3.2,462,2025-07-20,2025-07-31 10:51:20.255836
P96608800,C76537199,4152,0.0784,492,895,4.6,612,2025-07-30,2025-07-31 10:51:20.255836
P01108230,C56677193,2148,0.0663,372,681,3.5,122,2025-07-20,2025-07-31 10:51:20.255836
P66456297,C75492378,1018,0.238,256,690,4.6,862,2025-07-10,2025-07-31 10:51:20.255836
P17327101,C80572069,3260,0.0905,109,241,3.6,370,2025-07-24,2025-07-31 10:51:20.255836
P69560268,C50200888,8927,0.0966,151,408,4.1,177,2025-07-16,2025-07-31 10:51:20.255836
P32471875,C97455716,5483,0.2981,12,428,4.3,245,2025-07-17,2025-07-31 10:51:20.255836
P56798378,C03845675,2298,0.026,146,66,4.2,903,2025-07-24,2025-07-31 10:51:20.255836
P16267055,C92633317,7115,0.0931,440,886,3.3,198,2025-07-30,2025-07-31 10:51:20.255836
P05540909,C98818649,522,0.1878,23,445,4.1,106,2025-07-15,2025-07-31 10:51:20.255836
P11161241,C34710168,1259,0.2168,369,723,4.4,627,2025-07-18,2025-07-31 10:51:20.255836
P79352411,C79047154,5762,0.1084,418,780,3.5,414,2025-07-22,2025-07-31 10:51:20.255836
P72704325,C03032515,6826,0.1357,418,563,3.1,301,2025-07-25,2025-07-31 10:51:20.255836
P60332742,C32541186,3768,0.1111,54,670,3.7,924,2025-07-18,2025-07-31 10:51:20.255836
P74401545,C29265599,4473,0.1618,111,170,4.9,566,2025-07-17,2025-07-31 10:51:20.255836
P23381474,C27428990,5155,0.1005,36,825,4.0,1,2025-07-06,2025-07-31 10:51:20.255836
P40050448,C91446399,9411,0.0356,485,448,4.2,68,2025-07-22,2025-07-31 10:51:20.255836
P06232893,C97924638,2542,0.1497,263,106,4.8,301,2025-07-16,2025-07-31 10:51:20.255836
P56869685,C76651259,4756,0.2068,480,37,4.7,4,2025-07-19,2025-07-31 10:51:20.255836
P38150461,C30832193,622,0.1316,399,93,4.8,857,2025-07-19,2025-07-31 10:51:20.255836
P48211309,C86909048,2270,0.1029,443,450,3.6,427,2025-07-30,2025-07-31 10:51:20.255836
P93124934,C68364589,7830,0.2939,343,134,4.0,725,2025-07-24,2025-07-31 10:51:20.255836
P11457707,C68194686,9761,0.2194,445,243,4.4,744,2025-07-10,2025-07-31 10:51:20.255836
P54076114,C16864094,789,0.1248,282,262,5.0,861,2025-07-24,2025-07-31 10:51:20.255836
P33368832,C07832990,7310,0.1305,439,567,3.2,327,2025-07-01,2025-07-31 10:51:20.255836
P75532425,C31448477,7111,0.2124,60,88,3.7,827,2025-07-21,2025-07-31 10:51:20.255836
P50900134,C60166548,8526,0.1917,31,890,4.0,514,2025-07-20,2025-07-31 10:51:20.255836
P67461676,C87961821,8108,0.1586,309,276,4.9,176,2025-07-06,2025-07-31 10:51:20.255836
P12141349,C13160119,3630,0.1759,450,989,4.9,329,2025-07-01,2025-07-31 10:51:20.255836
P59497292,C55799173,7687,0.1005,266,696,3.7,473,2025-07-26,2025-07-31 10:51:20.255836
P38785912,C11608351,2682,0.0164,184,689,3.4,219,2025-07-24,2025-07-31 10:51:20.255836
P88434958,C17300366,9308,0.2535,167,538,4.5,453,2025-07-03,2025-07-31 10:51:20.255836
P71255400,C64236032,7980,0.1557,372,366,4.2,533,2025-07-05,2025-07-31 10:51:20.255836
P63330844,C71615549,5407,0.0764,115,264,3.7,245,2025-07-27,2025-07-31 10:51:20.255836
P28056833,C22070507,1938,0.2216,278,128,3.6,616,2025-07-05,2025-07-31 10:51:20.255836
P85192368,C34056077,2846,0.1536,206,92,3.3,637,2025-07-29,2025-07-31 10:51:20.255836
P62513178,C64348466,8591,0.0269,329,507,4.3,897,2025-07-19,2025-07-31 10:51:20.255836
P60310776,C28961502,7938,0.0429,409,154,3.8,602,2025-07-12,2025-07-31 10:51:20.255836
P13850409,C66032049,2697,0.0259,479,535,4.5,162,2025-07-13,2025-07-31 10:51:20.255836
P58676071,C64569315,5818,0.038,87,213,4.4,144,2025-07-09,2025-07-31 10:51:20.255836
P41954150,C14975127,9901,0.0185,384,444,3.9,99,2025-07-01,2025-07-31 10:51:20.255836
P99066431,C05053466,3482,0.074,395,416,3.8,711,2025-07-09,2025-07-31 10:51:20.255836
P41917698,C60510103,8158,0.0579,174,391,4.3,42,2025-07-08,2025-07-31 10:51:20.255836
P92572835,C93660750,5101,0.2255,135,756,3.7,835,2025-07-19,2025-07-31 10:51:20.255836
P06387221,C04444941,897,0.0976,470,585,4.6,509,2025-07-10,2025-07-31 10:51:20.255836
P37047664,C86324550,9790,0.1444,157,739,3.9,730,2025-07-07,2025-07-31 10:51:20.255836
P18539247,C65560556,2559,0.1961,427,914,3.7,703,2025-07-07,2025-07-31 10:51:20.255836
P29110516,C26011770,5951,0.0463,346,937,4.0,877,2025-07-28,2025-07-31 10:51:20.255836
P30109137,C38106410,6796,0.259,233,53,4.8,523,2025-07-03,2025-07-31 10:51:20.255836
P01657648,C78909705,4191,0.1002,157,36,4.7,611,2025-07-21,2025-07-31 10:51:20.255836
P73119199,C54934383,3431,0.1725,497,868,4.5,799,2025-07-27,2025-07-31 10:51:20.255836
P51136746,C19782104,7793,0.1189,27,374,3.4,381,2025-07-14,2025-07-31 10:51:20.255836
P71811376,C58327294,7355,0.1647,488,864,4.2,133,2025-07-22,2025-07-31 10:51:20.255836
P16860343,C69243683,5662,0.281,34,551,3.5,941,2025-07-28,2025-07-31 10:51:20.255836
P61428023,C27661369,2456,0.277,201,716,4.6,939,2025-07-12,2025-07-31 10:51:20.255836
P54670943,C98813820,6089,0.2746,450,379,4.2,470,2025-07-08,2025-07-31 10:51:20.255836
P11848434,C07506454,7217,0.1461,22,365,3.2,95,2025-07-19,2025-07-31 10:51:20.255836
P36914959,C70887571,8325,0.2903,238,363,4.5,759,2025-07-21,2025-07-31 10:51:20.255836
P39418514,C83731619,2643,0.1855,412,701,3.9,280,2025-07-09,2025-07-31 10:51:20.255836
P63672443,C61008327,3916,0.2597,33,311,4.4,208,2025-07-22,2025-07-31 10:51:20.255836
P55947974,C40770627,6562,0.1129,264,412,3.4,834,2025-07-03,2025-07-31 10:51:20.255836
P78385457,C00636107,7960,0.0874,422,275,3.1,478,2025-07-02,2025-07-31 10:51:20.255836
P56074048,C13856676,6362,0.014,378,33,3.9,575,2025-07-14,2025-07-31 10:51:20.255836
P19205672,C58945646,6719,0.2505,443,10,4.9,723,2025-07-12,2025-07-31 10:51:20.255836
P35893938,C01915894,4181,0.1753,457,185,3.2,807,2025-07-05,2025-07-31 10:51:20.255836
P11263926,C65242159,5058,0.0334,93,470,4.8,536,2025-07-08,2025-07-31 10:51:20.255836
P00759883,C76726449,5783,0.0259,151,820,4.7,72,2025-07-10,2025-07-31 10:51:20.255836
P67716371,C20935065,4101,0.0562,330,782,3.8,346,2025-07-15,2025-07-31 10:51:20.255836
P18598504,C14012342,6030,0.2309,282,29,4.9,742,2025-07-01,2025-07-31 10:51:20.255836
P47476486,C72648943,5142,0.1878,112,793,4.2,380,2025-07-23,2025-07-31 10:51:20.255836
P39518280,C43177107,6080,0.0103,234,77,3.8,622,2025-07-18,2025-07-31 10:51:20.255836
P22054044,C72574861,3061,0.22,450,253,3.8,845,2025-07-27,2025-07-31 10:51:20.255836
P21909752,C34220287,7900,0.0497,489,415,4.6,580,2025-07-28,2025-07-31 10:51:20.255836
P34795099,C29097286,1202,0.0441,341,657,3.8,87,2025-07-24,2025-07-31 10:51:20.255836
P71649426,C38673641,5377,0.0522,389,419,4.9,423,2025-07-11,2025-07-31 10:51:20.255836
P76319066,C02945775,7409,0.1643,221,158,3.7,945,2025-07-26,2025-07-31 10:51:20.255836
P25622852,C06392945,9766,0.1799,383,565,4.8,983,2025-07-21,2025-07-31 10:51:20.255836
P89610293,C74242910,3043,0.2374,237,994,3.8,737,2025-07-12,2025-07-31 10:51:20.255836
P80262767,C78721877,3239,0.1626,495,93,3.1,599,2025-07-23,2025-07-31 10:51:20.255836
P27127920,C10585782,2785,0.1914,209,902,3.6,102,2025-07-18,2025-07-31 10:51:20.255836
P52604082,C16954277,629,0.1675,242,760,3.8,976,2025-07-25,2025-07-31 10:51:20.255836
P99114123,C57526624,2497,0.0193,492,553,4.1,738,2025-07-16,2025-07-31 10:51:20.255836
P05315276,C13394278,935,0.2891,375,562,3.8,497,2025-07-27,2025-07-31 10:51:20.255836
P04207571,C79923890,2855,0.0977,446,71,3.9,784,2025-07-25,2025-07-31 10:51:20.255836
P88553131,C90156622,8213,0.0426,276,290,3.6,638,2025-07-18,2025-07-31 10:51:20.255836
P41300713,C88600699,7286,0.1702,247,49,3.6,325,2025-07-27,2025-07-31 10:51:20.255836
P31877194,C17239459,5468,0.2646,192,937,3.7,345,2025-07-12,2025-07-31 10:51:20.255836
P05651508,C25224563,8546,0.1931,96,118,4.0,138,2025-07-10,2025-07-31 10:51:20.255836
P35378401,C29008023,9302,0.052,38,694,4.8,323,2025-07-04,2025-07-31 10:51:20.255836
P01892948,C80982292,1289,0.1177,290,219,4.4,394,2025-07-10,2025-07-31 10:51:20.255836
P48683214,C38513501,7759,0.0634,200,870,3.9,387,2025-07-02,2025-07-31 10:51:20.255836
P74144315,C41730937,3616,0.0494,384,897,3.0,69,2025-07-17,2025-07-31 10:51:20.255836
P06805148,C74679751,4290,0.1131,387,725,4.6,944,2025-07-18,2025-07-31 10:51:20.255836
P41587922,C26289235,2522,0.02,165,355,4.2,888,2025-07-24,2025-07-31 10:51:20.255836
P26866317,C09421956,6498,0.1511,111,222,4.5,602,2025-07-04,2025-07-31 10:51:20.255836
P45808577,C88469650,6288,0.0724,471,845,3.1,777,2025-07-30,2025-07-31 10:51:20.255836
P17769280,C82175165,6217,0.1197,196,800,3.3,285,2025-07-18,2025-07-31 10:51:20.255836
P87899833,C80506380,3086,0.163,278,622,3.4,147,2025-07-30,2025-07-31 10:51:20.255836
P19118033,C41574267,8728,0.2701,96,229,3.1,499,2025-07-06,2025-07-31 10:51:20.255836
P99513095,C45440158,6364,0.2466,161,278,3.5,200,2025-07-26,2025-07-31 10:51:20.255836
P56094333,C00765201,3147,0.2217,122,804,4.6,114,2025-07-16,2025-07-31 10:51:20.255836
P12999236,C28856384,2171,0.2114,132,352,3.1,853,2025-07-21,2025-07-31 10:51:20.255836
P04430547,C26246622,2109,0.0868,401,490,4.5,987,2025-07-23,2025-07-31 10:51:20.255836
P68162022,C23625903,4738,0.1662,383,493,3.3,984,2025-07-02,2025-07-31 10:51:20.255836
P38109745,C98458532,873,0.2267,496,577,3.1,231,2025-07-15,2025-07-31 10:51:20.255836
P49290980,C25132854,3724,0.18,94,244,4.6,266,2025-07-20,2025-07-31 10:51:20.255836
P41930942,C70217244,9489,0.2341,432,600,3.4,785,2025-07-14,2025-07-31 10:51:20.255836
P97088199,C73614660,2162,0.1813,298,595,4.2,42,2025-07-07,2025-07-31 10:51:20.255836
P54395447,C81866027,8983,0.1499,213,734,3.8,212,2025-07-28,2025-07-31 10:51:20.255836
P75637620,C92484328,2196,0.2559,146,472,4.8,717,2025-07-19,2025-07-31 10:51:20.255836
P17718210,C59075756,4316,0.2001,14,477,4.0,651,2025-07-12,2025-07-31 10:51:20.255836
P16722422,C49888869,7837,0.1625,290,74,4.4,694,2025-07-11,2025-07-31 10:51:20.255836
P13461327,C22125167,5673,0.158,151,310,4.9,613,2025-07-22,2025-07-31 10:51:20.255836
P09462658,C78000065,1744,0.0464,209,812,4.4,843,2025-07-22,2025-07-31 10:51:20.255836
P11302564,C93892812,8011,0.1623,29,10,4.3,583,2025-07-24,2025-07-31 10:51:20.255836
P17949198,C78479031,3934,0.0806,58,714,4.9,743,2025-07-11,2025-07-31 10:51:20.255836
P39256357,C70518154,2984,0.0449,339,684,4.3,622,2025-07-04,2025-07-31 10:51:20.255836
P21437391,C62774489,1650,0.2275,386,160,4.4,740,2025-07-14,2025-07-31 10:51:20.255836
P33792800,C49053460,7979,0.2648,141,324,4.6,472,2025-07-06,2025-07-31 10:51:20.255836
P85030063,C14929965,3781,0.0207,468,262,3.6,923,2025-07-06,2025-07-31 10:51:20.255836
P96933767,C57239015,2824,0.2862,372,470,4.9,91,2025-07-12,2025-07-31 10:51:20.255836
P45110826,C93009577,1024,0.2772,328,598,4.4,782,2025-07-03,2025-07-31 10:51:20.255836
P33172407,C75856157,7451,0.2012,353,88,3.9,864,2025-07-25,2025-07-31 10:51:20.255836
P21062246,C56365562,6072,0.0789,279,280,4.8,124,2025-07-03,2025-07-31 10:51:20.255836
P78001112,C67878485,9306,0.219,56,279,4.1,528,2025-07-23,2025-07-31 10:51:20.255836
P43211220,C80585787,1981,0.1506,94,98,3.5,627,2025-07-11,2025-07-31 10:51:20.255836
P86634058,C40648040,7486,0.0708,207,920,4.9,816,2025-07-29,2025-07-31 10:51:20.255836
P27000799,C58827319,9568,0.2965,242,585,3.2,436,2025-07-11,2025-07-31 10:51:20.255836
P64799514,C18314004,6917,0.163,374,487,4.8,765,2025-07-18,2025-07-31 10:51:20.255836
P26704574,C06540316,7155,0.0345,224,482,3.5,117,2025-07-16,2025-07-31 10:51:20.255836
P24694292,C37414586,6148,0.0451,452,834,4.1,266,2025-07-05,2025-07-31 10:51:20.255836
P51328747,C06680387,1451,0.0338,223,947,3.4,774,2025-07-14,2025-07-31 10:51:20.255836
P73660253,C80007605,6229,0.2101,144,495,4.3,574,2025-07-07,2025-07-31 10:51:20.255836
P43436955,C13616551,2007,0.084,218,813,3.8,91,2025-07-21,2025-07-31 10:51:20.255836
P89142339,C86375606,2513,0.1111,65,641,4.2,380,2025-07-13,2025-07-31 10:51:20.255836
P86758068,C06047319,9420,0.2117,121,459,4.1,153,2025-07-26,2025-07-31 10:51:20.255836
P42775076,C82122310,5343,0.2345,203,893,3.9,726,2025-07-06,2025-07-31 10:51:20.255836
P83578933,C68084525,5454,0.0342,468,292,4.6,821,2025-07-22,2025-07-31 10:51:20.255836
P83267766,C48144698,6136,0.286,267,394,3.4,720,2025-07-27,2025-07-31 10:51:20.255836
P47181025,C07930129,1000,0.0702,70,152,3.0,109,2025-07-10,2025-07-31 10:51:20.255836
P27051830,C83496426,3211,0.0872,475,587,4.2,900,2025-07-27,2025-07-31 10:51:20.255836
P75350285,C51476411,3362,0.136,193,85,4.6,526,2025-07-12,2025-07-31 10:51:20.255836
P23672812,C27140083,2918,0.2268,431,448,4.6,186,2025-07-21,2025-07-31 10:51:20.255836
P73572698,C14064535,5579,0.2382,492,427,5.0,210,2025-07-03,2025-07-31 10:51:20.255836
P53829859,C06964551,2132,0.0907,54,87,5.0,509,2025-07-28,2025-07-31 10:51:20.255836
P97260103,C40510508,3520,0.2344,363,555,4.6,521,2025-07-30,2025-07-31 10:51:20.255836
P76592347,C24687660,8393,0.2112,148,144,3.0,364,2025-07-03,2025-07-31 10:51:20.255836
P57329043,C17771729,5417,0.0479,87,823,4.2,546,2025-07-23,2025-07-31 10:51:20.255836
P13454820,C77466299,2447,0.1784,310,531,3.4,956,2025-07-17,2025-07-31 10:51:20.255836
P39827335,C86843685,6815,0.1086,42,877,3.3,464,2025-07-29,2025-07-31 10:51:20.255836
P46850670,C37662100,2477,0.2808,472,807,3.1,944,2025-07-27,2025-07-31 10:51:20.255836
P07589272,C91927912,1688,0.027,166,615,4.5,535,2025-07-09,2025-07-31 10:51:20.255836
P10431742,C49566405,7984,0.1696,183,207,4.5,310,2025-07-07,2025-07-31 10:51:20.255836
P46742505,C26766380,1884,0.247,111,955,3.8,899,2025-07-03,2025-07-31 10:51:20.255836
P65825421,C97466956,6580,0.2462,496,615,3.2,343,2025-07-22,2025-07-31 10:51:20.255836
P77522072,C43895403,4638,0.2933,248,708,4.2,592,2025-07-16,2025-07-31 10:51:20.255836
P72422851,C57689796,7999,0.0592,59,565,4.5,597,2025-07-11,2025-07-31 10:51:20.255836
P82090345,C04679252,1172,0.0909,84,824,4.6,397,2025-07-11,2025-07-31 10:51:20.255836
P82531460,C48295076,9093,0.2411,67,491,3.0,849,2025-07-08,2025-07-31 10:51:20.255836
P97306315,C07273356,1439,0.0524,176,484,4.1,402,2025-07-07,2025-07-31 10:51:20.255836
P79241230,C92933205,7587,0.2022,396,835,3.9,786,2025-07-19,2025-07-31 10:51:20.256834
P50211106,C85232360,9118,0.2215,91,793,4.1,808,2025-07-17,2025-07-31 10:51:20.256834
P39973871,C73017605,5141,0.0609,188,883,3.5,800,2025-07-04,2025-07-31 10:51:20.256834
P33020766,C29695576,6406,0.1461,302,991,3.6,554,2025-07-11,2025-07-31 10:51:20.256834
P86173409,C96469700,5283,0.2327,467,975,4.6,475,2025-07-26,2025-07-31 10:51:20.256834
P52747789,C87387148,9217,0.0333,136,924,3.3,120,2025-07-08,2025-07-31 10:51:20.256834
P53474123,C12182725,1177,0.2377,431,544,4.7,194,2025-07-24,2025-07-31 10:51:20.256834
P61176960,C15556395,2263,0.2411,54,577,4.8,883,2025-07-08,2025-07-31 10:51:20.256834
P80199893,C71682056,1099,0.0542,400,396,3.4,200,2025-07-22,2025-07-31 10:51:20.256834
P07948944,C13724914,1523,0.1603,152,822,3.7,546,2025-07-05,2025-07-31 10:51:20.256834
P62021242,C63469411,1302,0.0891,14,632,3.0,462,2025-07-26,2025-07-31 10:51:20.256834
P78494583,C55358022,5914,0.2979,418,785,4.9,486,2025-07-15,2025-07-31 10:51:20.256834
P63094790,C47032392,5735,0.0885,445,781,3.1,115,2025-07-07,2025-07-31 10:51:20.256834
P60957659,C79349596,6872,0.0974,334,922,4.0,804,2025-07-10,2025-07-31 10:51:20.256834
P26448444,C78600203,1621,0.1896,345,691,4.9,801,2025-07-15,2025-07-31 10:51:20.256834
P96687007,C66324246,9684,0.0517,494,126,4.9,362,2025-07-03,2025-07-31 10:51:20.256834
P96791208,C35464548,4873,0.2054,222,965,3.2,330,2025-07-08,2025-07-31 10:51:20.256834
P94883804,C10367386,1069,0.0868,58,486,4.3,107,2025-07-21,2025-07-31 10:51:20.256834
P72830220,C93158064,3264,0.2742,123,174,4.0,848,2025-07-03,2025-07-31 10:51:20.256834
P77945426,C45643181,7345,0.2512,222,483,3.3,399,2025-07-21,2025-07-31 10:51:20.256834
P14518011,C53685722,6062,0.1227,353,288,4.0,596,2025-07-13,2025-07-31 10:51:20.256834
P88679291,C54143020,7673,0.0834,204,395,3.8,315,2025-07-04,2025-07-31 10:51:20.256834
P46103587,C67945277,9180,0.0519,475,420,4.6,969,2025-07-20,2025-07-31 10:51:20.256834
P54027551,C63889843,1209,0.2042,207,884,4.8,504,2025-07-09,2025-07-31 10:51:20.256834
P32453194,C77211372,712,0.0629,185,820,3.3,615,2025-07-21,2025-07-31 10:51:20.256834
P04875935,C87279382,1840,0.0723,366,222,4.7,96,2025-07-04,2025-07-31 10:51:20.256834
P27112465,C51280538,5590,0.1747,483,450,4.2,796,2025-07-04,2025-07-31 10:51:20.256834
P81282999,C84069609,2752,0.1293,57,306,3.3,131,2025-07-04,2025-07-31 10:51:20.256834
P18213423,C12945129,8921,0.0992,449,139,4.3,752,2025-07-16,2025-07-31 10:51:20.256834
P36236333,C65432318,6683,0.1255,349,966,3.9,81,2025-07-27,2025-07-31 10:51:20.256834
P79136732,C24386427,6010,0.2373,224,657,3.4,750,2025-07-20,2025-07-31 10:51:20.256834
P09181925,C08912607,6027,0.1089,462,94,3.9,107,2025-07-12,2025-07-31 10:51:20.256834
P33540547,C06438692,9458,0.1238,491,851,3.5,638,2025-07-20,2025-07-31 10:51:20.256834
P46075803,C49992624,8593,0.0422,174,376,3.2,970,2025-07-07,2025-07-31 10:51:20.256834
P23138747,C67865380,1772,0.017,496,584,4.9,743,2025-07-03,2025-07-31 10:51:20.256834
P11140108,C07166615,1963,0.228,194,372,4.8,23,2025-07-14,2025-07-31 10:51:20.256834
P80174995,C47772564,2074,0.0622,268,161,3.8,211,2025-07-21,2025-07-31 10:51:20.256834
P60227158,C45299280,1410,0.1079,134,826,4.5,604,2025-07-04,2025-07-31 10:51:20.256834
P47500730,C25293766,7249,0.0754,485,331,4.7,91,2025-07-28,2025-07-31 10:51:20.256834
P45464867,C57403313,2950,0.0227,353,146,3.3,190,2025-07-05,2025-07-31 10:51:20.256834
P68823562,C97669905,6973,0.2664,97,284,3.4,756,2025-07-09,2025-07-31 10:51:20.256834
P54241152,C56533440,8285,0.2601,96,894,3.7,14,2025-07-04,2025-07-31 10:51:20.256834
P30386044,C79955787,8287,0.2376,392,164,3.0,348,2025-07-11,2025-07-31 10:51:20.256834
P16219626,C66499874,899,0.0188,93,78,4.9,571,2025-07-02,2025-07-31 10:51:20.256834
P69142653,C26176119,5541,0.194,305,879,4.5,99,2025-07-12,2025-07-31 10:51:20.256834
P31646365,C87992082,7089,0.2983,468,228,3.5,14,2025-07-26,2025-07-31 10:51:20.256834
P67738733,C04011178,5367,0.257,198,763,4.4,401,2025-07-28,2025-07-31 10:51:20.256834
P46245612,C10612016,4771,0.2613,347,908,3.2,476,2025-07-09,2025-07-31 10:51:20.256834
P49544696,C95335552,6779,0.2344,214,981,4.9,452,2025-07-16,2025-07-31 10:51:20.256834
P91546247,C05525288,5626,0.1808,76,137,4.2,6,2025-07-20,2025-07-31 10:51:20.256834
P03162739,C89469340,5812,0.1838,361,268,3.4,557,2025-07-15,2025-07-31 10:51:20.256834
P11037652,C16570037,4894,0.2546,258,790,4.0,639,2025-07-12,2025-07-31 10:51:20.256834
P45181667,C18660163,2192,0.2445,172,841,4.7,90,2025-07-28,2025-07-31 10:51:20.256834
P45407981,C12548235,2710,0.2336,20,511,3.1,700,2025-07-19,2025-07-31 10:51:20.256834
P11747752,C95653913,8876,0.2268,12,426,3.2,311,2025-07-07,2025-07-31 10:51:20.256834
P56451723,C53175753,2727,0.0283,98,531,4.4,448,2025-07-08,2025-07-31 10:51:20.256834
P04696850,C11037506,2416,0.0465,126,578,3.7,985,2025-07-28,2025-07-31 10:51:20.256834
P32632170,C39611204,5253,0.2294,196,380,3.1,305,2025-07-03,2025-07-31 10:51:20.256834
P24398902,C20124700,8134,0.0708,182,99,4.6,488,2025-07-08,2025-07-31 10:51:20.256834
P32289257,C17202178,3366,0.1907,312,266,3.3,610,2025-07-02,2025-07-31 10:51:20.256834
P21353499,C26936691,4610,0.2786,488,803,4.7,104,2025-07-06,2025-07-31 10:51:20.256834
P82273838,C37342792,6050,0.0236,420,528,4.3,125,2025-07-25,2025-07-31 10:51:20.256834
P07842534,C01650711,3491,0.0898,104,332,3.4,929,2025-07-10,2025-07-31 10:51:20.256834
P83297174,C74695283,6450,0.1057,440,902,3.4,791,2025-07-20,2025-07-31 10:51:20.256834
P63889611,C12084592,9842,0.2256,278,207,3.6,578,2025-07-03,2025-07-31 10:51:20.256834
P62582323,C90866515,2482,0.0186,227,721,4.3,613,2025-07-03,2025-07-31 10:51:20.256834
P03099283,C73092391,522,0.1074,413,547,3.9,740,2025-07-02,2025-07-31 10:51:20.256834
P82192003,C16181391,3431,0.1236,437,393,3.7,669,2025-07-25,2025-07-31 10:51:20.256834
P07434846,C73596482,2099,0.2223,407,435,4.5,702,2025-07-22,2025-07-31 10:51:20.256834
P73624020,C22386692,5279,0.2801,50,894,3.8,320,2025-07-20,2025-07-31 10:51:20.256834
P52614867,C24338714,5729,0.0368,248,640,3.2,688,2025-07-13,2025-07-31 10:51:20.256834
P23299446,C23812921,4207,0.1412,152,217,4.5,266,2025-07-27,2025-07-31 10:51:20.256834
P96250090,C37995819,6739,0.0574,364,979,5.0,552,2025-07-16,2025-07-31 10:51:20.256834
P64796856,C97725867,2132,0.0499,197,790,4.6,77,2025-07-24,2025-07-31 10:51:20.256834
P96156961,C47056197,3487,0.2642,213,394,3.6,999,2025-07-06,2025-07-31 10:51:20.256834
P04986082,C18432868,8947,0.0168,335,28,4.2,69,2025-07-13,2025-07-31 10:51:20.256834
P32834498,C26182369,8077,0.2063,188,495,4.3,148,2025-07-08,2025-07-31 10:51:20.256834
P16177825,C04140184,5923,0.2013,179,859,4.8,113,2025-07-24,2025-07-31 10:51:20.256834
P25658387,C48209324,3744,0.1495,316,934,4.4,793,2025-07-26,2025-07-31 10:51:20.256834
P50532237,C01357092,1255,0.0807,212,461,3.8,378,2025-07-01,2025-07-31 10:51:20.256834
P83886971,C15200620,3195,0.1133,463,109,3.6,81,2025-07-17,2025-07-31 10:51:20.256834
P38647019,C23135073,9583,0.2127,87,432,3.5,31,2025-07-02,2025-07-31 10:51:20.256834
P52570509,C00942988,9655,0.0433,350,193,3.1,590,2025-07-27,2025-07-31 10:51:20.256834
P99302629,C28913287,7393,0.2628,108,380,4.4,662,2025-07-17,2025-07-31 10:51:20.256834
P76311151,C25102504,3438,0.2284,163,450,3.8,609,2025-07-29,2025-07-31 10:51:20.256834
P42890793,C27682582,6721,0.1976,14,26,4.2,975,2025-07-28,2025-07-31 10:51:20.256834
P04548237,C17727721,7086,0.0555,257,224,3.8,492,2025-07-25,2025-07-31 10:51:20.256834
P72085137,C10299093,9762,0.1847,68,51,3.7,249,2025-07-19,2025-07-31 10:51:20.256834
P25517620,C64080345,6453,0.2181,347,988,4.1,936,2025-07-09,2025-07-31 10:51:20.256834
P24495919,C96244687,3616,0.1144,194,859,4.1,10,2025-07-15,2025-07-31 10:51:20.256834
P30460995,C58596656,8259,0.1816,273,15,3.7,121,2025-07-25,2025-07-31 10:51:20.256834
P89677896,C70157649,2773,0.1275,10,536,4.2,361,2025-07-29,2025-07-31 10:51:20.256834
P64917733,C45086837,7617,0.2906,435,283,4.3,556,2025-07-11,2025-07-31 10:51:20.256834
P11124527,C75206992,3165,0.2246,344,716,5.0,352,2025-07-17,2025-07-31 10:51:20.256834
P32857136,C43268587,2072,0.231,206,133,3.2,773,2025-07-27,2025-07-31 10:51:20.256834
P46738074,C91439460,7822,0.2345,48,300,3.1,882,2025-07-19,2025-07-31 10:51:20.256834
P51520471,C93374352,6712,0.2574,375,177,3.2,507,2025-07-08,2025-07-31 10:51:20.256834
P64394477,C56289300,9805,0.0333,405,49,4.1,862,2025-07-25,2025-07-31 10:51:20.256834
P47486692,C73715882,4947,0.1242,263,23,4.6,834,2025-07-03,2025-07-31 10:51:20.256834
P18719625,C31899043,2679,0.274,347,437,3.2,165,2025-07-03,2025-07-31 10:51:20.256834
P30643850,C12151225,2243,0.0886,325,424,3.3,618,2025-07-29,2025-07-31 10:51:20.256834
P86375527,C05235955,1666,0.1886,304,329,4.6,953,2025-07-11,2025-07-31 10:51:20.256834
P76145933,C93579878,6487,0.1174,275,689,4.5,700,2025-07-27,2025-07-31 10:51:20.256834
P29861587,C27886393,6877,0.2533,84,542,4.1,400,2025-07-14,2025-07-31 10:51:20.256834
P43025806,C37802020,7291,0.134,240,236,3.4,413,2025-07-13,2025-07-31 10:51:20.256834
P41182847,C47090607,1241,0.2626,269,940,3.4,282,2025-07-17,2025-07-31 10:51:20.256834
P35646429,C79328519,9147,0.2729,223,924,4.9,135,2025-07-17,2025-07-31 10:51:20.256834
P77517727,C90239996,3986,0.1639,459,361,5.0,684,2025-07-08,2025-07-31 10:51:20.256834
P94501334,C38380800,9321,0.2957,21,973,4.1,830,2025-07-27,2025-07-31 10:51:20.256834
P71369922,C24245783,8925,0.2857,476,599,3.5,215,2025-07-22,2025-07-31 10:51:20.256834
P96783931,C60310862,8954,0.2629,491,536,3.8,369,2025-07-24,2025-07-31 10:51:20.256834
P17955814,C63551664,2608,0.1024,250,574,4.0,675,2025-07-10,2025-07-31 10:51:20.256834
P37471628,C02491720,6522,0.1877,247,248,3.6,714,2025-07-03,2025-07-31 10:51:20.256834
P60403404,C03016445,4500,0.2271,209,432,4.3,757,2025-07-29,2025-07-31 10:51:20.256834
P30614053,C24411797,2445,0.2261,252,224,4.1,130,2025-07-24,2025-07-31 10:51:20.256834
P88435065,C13910774,5183,0.2764,48,562,3.5,11,2025-07-28,2025-07-31 10:51:20.256834
P76495635,C06959948,7377,0.2655,281,136,3.3,395,2025-07-30,2025-07-31 10:51:20.256834
P65527994,C76387837,681,0.0565,241,615,4.9,356,2025-07-02,2025-07-31 10:51:20.256834
P56292889,C64330047,9218,0.0103,181,532,3.6,804,2025-07-26,2025-07-31 10:51:20.256834
P47175705,C48030981,6246,0.0721,407,196,4.1,906,2025-07-04,2025-07-31 10:51:20.256834
P77304507,C16177317,7503,0.164,489,490,3.3,352,2025-07-07,2025-07-31 10:51:20.256834
P42661856,C47994211,7138,0.1003,73,69,4.4,151,2025-07-20,2025-07-31 10:51:20.256834
P04326692,C59632788,2692,0.236,155,621,4.0,880,2025-07-18,2025-07-31 10:51:20.256834
P29147606,C00434490,7969,0.1285,468,826,3.4,93,2025-07-20,2025-07-31 10:51:20.256834
P40621236,C80526128,6914,0.1472,86,694,3.2,463,2025-07-05,2025-07-31 10:51:20.256834
P19091859,C26616421,1224,0.2987,246,941,3.5,275,2025-07-11,2025-07-31 10:51:20.256834
P27102440,C49326620,2901,0.1739,263,115,3.3,464,2025-07-26,2025-07-31 10:51:20.256834
P95002000,C72687131,6210,0.2308,299,542,4.6,205,2025-07-18,2025-07-31 10:51:20.256834
P73454579,C02508221,5602,0.0643,258,378,4.4,145,2025-07-23,2025-07-31 10:51:20.256834
P05813540,C95726212,9648,0.2532,285,265,4.4,498,2025-07-04,2025-07-31 10:51:20.256834
P41917648,C35428180,2624,0.1758,204,362,3.0,199,2025-07-07,2025-07-31 10:51:20.256834
P94530027,C10482311,5699,0.289,32,367,4.4,579,2025-07-21,2025-07-31 10:51:20.256834
P25904950,C79553902,8431,0.0247,52,758,3.3,723,2025-07-23,2025-07-31 10:51:20.256834
P11736250,C28845832,6769,0.2912,368,349,4.9,430,2025-07-05,2025-07-31 10:51:20.256834
P44649724,C57481788,4019,0.2051,474,882,3.4,171,2025-07-30,2025-07-31 10:51:20.256834
P75256556,C80297623,4102,0.2683,62,92,3.3,985,2025-07-09,2025-07-31 10:51:20.256834
P32157568,C57751417,4186,0.239,269,283,3.8,41,2025-07-26,2025-07-31 10:51:20.256834
P85044135,C95039159,5602,0.1238,339,344,3.9,899,2025-07-30,2025-07-31 10:51:20.256834
P06272009,C36331555,602,0.2249,228,868,3.0,794,2025-07-25,2025-07-31 10:51:20.256834
P32880637,C00422685,1264,0.189,159,980,3.4,278,2025-07-17,2025-07-31 10:51:20.256834
P63184317,C94399300,6021,0.0604,64,78,3.4,841,2025-07-14,2025-07-31 10:51:20.256834
P42249689,C95218542,5460,0.2281,239,380,4.7,934,2025-07-16,2025-07-31 10:51:20.256834
P78620731,C83423212,5765,0.0357,129,636,4.1,264,2025-07-07,2025-07-31 10:51:20.256834
P59731547,C46220988,7882,0.2499,419,232,3.2,562,2025-07-07,2025-07-31 10:51:20.256834
P86970939,C13201385,1157,0.1313,105,966,4.1,445,2025-07-28,2025-07-31 10:51:20.256834
P40624470,C16362871,5052,0.1535,280,826,4.3,647,2025-07-23,2025-07-31 10:51:20.256834
P57301863,C71309603,5792,0.2901,276,234,4.8,866,2025-07-15,2025-07-31 10:51:20.256834
P02615341,C98699523,6409,0.265,25,674,3.9,546,2025-07-28,2025-07-31 10:51:20.256834
P10226013,C84170486,5089,0.0829,196,483,3.6,198,2025-07-05,2025-07-31 10:51:20.256834
P98280766,C33899533,8438,0.0726,240,525,4.2,162,2025-07-09,2025-07-31 10:51:20.256834
P97837299,C30102838,9131,0.0479,318,56,4.1,88,2025-07-26,2025-07-31 10:51:20.256834
P84828179,C50039681,7419,0.1791,182,749,4.5,607,2025-07-18,2025-07-31 10:51:20.256834
P56587844,C81809268,5433,0.035,99,242,4.3,977,2025-07-25,2025-07-31 10:51:20.256834
P03654330,C78989693,1833,0.2396,31,153,4.2,443,2025-07-09,2025-07-31 10:51:20.256834
P33859400,C09837516,6110,0.2361,75,603,4.5,593,2025-07-30,2025-07-31 10:51:20.256834
P32039690,C24028302,4152,0.2022,388,884,3.9,323,2025-07-04,2025-07-31 10:51:20.256834
P61925950,C32408792,6828,0.1504,129,247,4.8,134,2025-07-07,2025-07-31 10:51:20.256834
P66000053,C97210507,821,0.2511,381,482,4.4,396,2025-07-27,2025-07-31 10:51:20.256834
P05290254,C68497244,2564,0.0583,228,290,3.3,415,2025-07-08,2025-07-31 10:51:20.256834
P19471329,C66750840,3247,0.2327,13,99,3.2,944,2025-07-09,2025-07-31 10:51:20.256834
P52842991,C56809333,1528,0.1046,75,977,4.4,796,2025-07-12,2025-07-31 10:51:20.256834
P25105160,C53650797,828,0.1137,488,466,3.3,797,2025-07-23,2025-07-31 10:51:20.256834
P26487468,C91081460,6125,0.0564,218,353,3.8,744,2025-07-03,2025-07-31 10:51:20.256834
P02857008,C72133511,3172,0.2323,187,185,4.0,206,2025-07-18,2025-07-31 10:51:20.256834
P66622639,C28273402,4731,0.1394,76,58,3.9,207,2025-07-14,2025-07-31 10:51:20.256834
P33703944,C58691345,5864,0.2034,332,47,4.4,266,2025-07-20,2025-07-31 10:51:20.257834
P81980764,C58345423,3535,0.0499,44,309,3.2,910,2025-07-30,2025-07-31 10:51:20.257834
P24236200,C48741669,7940,0.1225,433,421,3.3,945,2025-07-13,2025-07-31 10:51:20.257834
P22817635,C94329272,5282,0.1129,457,900,3.6,758,2025-07-23,2025-07-31 10:51:20.257834
P82507946,C50614719,3527,0.2848,42,31,3.2,701,2025-07-26,2025-07-31 10:51:20.257834
P67456339,C84820751,1612,0.1498,446,728,3.1,338,2025-07-30,2025-07-31 10:51:20.257834
P22769058,C91904154,1668,0.2134,152,175,3.7,546,2025-07-17,2025-07-31 10:51:20.257834
P07732376,C34422326,1602,0.0719,315,574,4.8,156,2025-07-09,2025-07-31 10:51:20.257834
P43971646,C50579456,9456,0.1358,262,182,4.9,522,2025-07-14,2025-07-31 10:51:20.257834
P93950479,C34569125,5855,0.23,231,859,4.8,641,2025-07-27,2025-07-31 10:51:20.257834
P36447108,C92880568,1312,0.0392,147,822,5.0,675,2025-07-02,2025-07-31 10:51:20.257834
P21227682,C70533341,3236,0.251,337,515,3.8,10,2025-07-21,2025-07-31 10:51:20.257834
P76397850,C68725966,4899,0.0839,285,113,4.7,286,2025-07-04,2025-07-31 10:51:20.257834
P52133852,C07365208,1187,0.0686,387,386,3.4,719,2025-07-04,2025-07-31 10:51:20.257834
P97770299,C38203527,2292,0.0116,340,487,4.3,992,2025-07-25,2025-07-31 10:51:20.257834
P49188784,C09036813,6331,0.097,58,719,4.8,101,2025-07-11,2025-07-31 10:51:20.257834
P26063222,C05267073,9065,0.0377,283,160,4.4,189,2025-07-29,2025-07-31 10:51:20.257834
P65717356,C44295556,4540,0.1856,81,699,3.0,400,2025-07-29,2025-07-31 10:51:20.257834
P31281561,C82662085,2839,0.2553,170,304,4.0,656,2025-07-25,2025-07-31 10:51:20.257834
P55383127,C35521510,9901,0.116,407,848,3.8,986,2025-07-06,2025-07-31 10:51:20.257834
P24118882,C64902716,5031,0.148,248,326,5.0,179,2025-07-07,2025-07-31 10:51:20.257834
P08941691,C69070780,2559,0.216,199,989,3.1,909,2025-07-23,2025-07-31 10:51:20.257834
P43065761,C44149071,5515,0.0208,166,49,4.4,37,2025-07-16,2025-07-31 10:51:20.257834
P18024856,C06676836,1592,0.1826,131,650,3.4,706,2025-07-20,2025-07-31 10:51:20.257834
P09286858,C65953107,603,0.1393,157,905,3.0,637,2025-07-29,2025-07-31 10:51:20.257834
P58735836,C52929357,5022,0.1905,325,199,3.5,633,2025-07-22,2025-07-31 10:51:20.257834
P21250046,C47902804,3519,0.1678,442,510,4.9,80,2025-07-09,2025-07-31 10:51:20.257834
P46836015,C85723587,1545,0.1397,386,608,4.9,721,2025-07-13,2025-07-31 10:51:20.257834
P61575064,C83852256,8266,0.1597,369,783,3.6,710,2025-07-22,2025-07-31 10:51:20.257834
P37290861,C25398510,667,0.0191,422,213,3.2,336,2025-07-17,2025-07-31 10:51:20.257834
P20800839,C23178146,3370,0.0653,103,727,4.5,54,2025-07-26,2025-07-31 10:51:20.257834
P75229646,C94166505,8517,0.0823,186,648,4.4,691,2025-07-10,2025-07-31 10:51:20.257834
P91461209,C10210563,853,0.2693,257,781,3.7,806,2025-07-23,2025-07-31 10:51:20.257834
P36885505,C57802895,3659,0.198,347,452,3.6,9,2025-07-04,2025-07-31 10:51:20.257834
P03312363,C28722642,8117,0.1683,48,762,4.3,497,2025-07-23,2025-07-31 10:51:20.257834
P88514671,C43417128,8760,0.1553,487,648,3.7,284,2025-07-14,2025-07-31 10:51:20.257834
P69128383,C43009494,9451,0.1443,308,725,4.0,493,2025-07-27,2025-07-31 10:51:20.257834
P17183358,C34990826,7955,0.2127,43,366,4.9,959,2025-07-28,2025-07-31 10:51:20.257834
P80394806,C74145034,2196,0.1938,351,372,3.3,224,2025-07-09,2025-07-31 10:51:20.257834
P69865358,C71040238,2087,0.1912,22,643,4.4,920,2025-07-12,2025-07-31 10:51:20.257834
P51606534,C98707934,3061,0.1218,386,882,4.0,657,2025-07-30,2025-07-31 10:51:20.257834
P90598415,C30745695,5777,0.0285,44,997,4.4,949,2025-07-14,2025-07-31 10:51:20.257834
P18942565,C87509948,5088,0.1947,442,919,3.7,714,2025-07-05,2025-07-31 10:51:20.257834
P24288354,C53494000,2962,0.0542,445,239,4.1,406,2025-07-26,2025-07-31 10:51:20.257834
P09236333,C51885054,5350,0.2425,153,333,3.5,160,2025-07-23,2025-07-31 10:51:20.257834
P77795490,C60567478,1024,0.1792,402,958,3.4,592,2025-07-28,2025-07-31 10:51:20.257834
P11422592,C04588438,6983,0.1044,368,44,4.3,211,2025-07-19,2025-07-31 10:51:20.257834
P76615543,C33583085,3368,0.2919,342,981,4.0,392,2025-07-27,2025-07-31 10:51:20.257834
P93364441,C64234631,2245,0.2115,329,546,3.8,573,2025-07-06,2025-07-31 10:51:20.257834
P85431595,C58962782,5812,0.0189,64,342,4.3,940,2025-07-13,2025-07-31 10:51:20.257834
P01613002,C92600237,8396,0.1404,186,794,4.2,848,2025-07-21,2025-07-31 10:51:20.257834
P53980441,C25389612,9716,0.2557,139,668,4.3,339,2025-07-03,2025-07-31 10:51:20.257834
P63765269,C88193498,5073,0.1565,166,229,3.6,390,2025-07-22,2025-07-31 10:51:20.257834
P71057209,C64900661,3622,0.2417,99,496,4.4,1000,2025-07-14,2025-07-31 10:51:20.257834
P00453797,C58938508,2700,0.0548,394,965,3.9,371,2025-07-27,2025-07-31 10:51:20.257834
P64154854,C37410738,3354,0.1748,246,342,3.9,903,2025-07-12,2025-07-31 10:51:20.257834
P79668526,C94553338,3998,0.101,425,408,3.8,793,2025-07-23,2025-07-31 10:51:20.257834
P07475823,C36353130,597,0.1728,209,887,4.0,349,2025-07-07,2025-07-31 10:51:20.257834
P62941631,C57885313,2638,0.0618,95,320,4.7,838,2025-07-05,2025-07-31 10:51:20.257834
P34397547,C03481054,8440,0.2011,391,533,4.3,922,2025-07-21,2025-07-31 10:51:20.257834
P51557054,C39233148,8116,0.1692,216,268,3.6,449,2025-07-16,2025-07-31 10:51:20.257834
P83521794,C80207808,7547,0.237,140,744,4.8,827,2025-07-21,2025-07-31 10:51:20.257834
P58428458,C70553298,6538,0.2916,198,258,3.4,272,2025-07-16,2025-07-31 10:51:20.257834
P79032115,C88192773,9746,0.0568,29,410,3.5,652,2025-07-19,2025-07-31 10:51:20.257834
P64340114,C04771370,1658,0.0583,180,156,3.9,505,2025-07-12,2025-07-31 10:51:20.257834
P46871413,C90046809,4038,0.2125,143,213,3.1,502,2025-07-23,2025-07-31 10:51:20.257834
P18108792,C56912023,2973,0.1131,189,847,4.0,362,2025-07-20,2025-07-31 10:51:20.257834
P79474412,C37515842,8541,0.0102,274,628,3.9,323,2025-07-08,2025-07-31 10:51:20.257834
P90457627,C63840535,8212,0.2762,237,862,4.4,285,2025-07-08,2025-07-31 10:51:20.257834
P04422184,C01317156,2357,0.2976,41,889,3.9,773,2025-07-23,2025-07-31 10:51:20.257834
P85237728,C85638077,3582,0.1293,487,391,3.8,617,2025-07-13,2025-07-31 10:51:20.257834
P71844212,C82745817,8295,0.2393,224,956,4.2,706,2025-07-12,2025-07-31 10:51:20.257834
P82416200,C00538237,9899,0.0768,214,897,4.1,219,2025-07-20,2025-07-31 10:51:20.257834
P66308024,C99656773,2165,0.2206,76,569,4.9,643,2025-07-26,2025-07-31 10:51:20.257834
P28549297,C25700566,2652,0.1495,332,313,4.2,74,2025-07-15,2025-07-31 10:51:20.257834
P42755999,C52225045,4794,0.1832,263,262,4.1,690,2025-07-18,2025-07-31 10:51:20.257834
P16189384,C95055606,9239,0.2417,34,78,4.2,638,2025-07-13,2025-07-31 10:51:20.257834
P29708032,C63304461,2145,0.2908,204,563,4.0,160,2025-07-13,2025-07-31 10:51:20.257834
P83695372,C93800014,4412,0.1654,51,434,3.3,297,2025-07-03,2025-07-31 10:51:20.257834
P74388700,C14494578,4165,0.2729,235,506,3.4,441,2025-07-14,2025-07-31 10:51:20.257834
P60024157,C26137410,1538,0.024,405,645,4.5,414,2025-07-02,2025-07-31 10:51:20.257834
P29914495,C98183386,9070,0.1997,14,17,3.3,764,2025-07-17,2025-07-31 10:51:20.257834
P63543809,C07316393,3918,0.2782,314,787,3.0,907,2025-07-24,2025-07-31 10:51:20.257834
P15826745,C46104191,7988,0.017,349,880,4.3,440,2025-07-18,2025-07-31 10:51:20.257834
P37039446,C92550051,4003,0.2791,39,940,4.5,622,2025-07-10,2025-07-31 10:51:20.257834
P11988335,C73968916,7528,0.2131,156,620,3.1,115,2025-07-16,2025-07-31 10:51:20.257834
P01624295,C59804099,9111,0.1388,98,374,4.3,869,2025-07-18,2025-07-31 10:51:20.257834
P24836552,C89551649,8252,0.2758,253,244,4.6,974,2025-07-26,2025-07-31 10:51:20.257834
P19968726,C70534312,9928,0.1943,80,393,4.4,580,2025-07-14,2025-07-31 10:51:20.257834
P34914078,C08783870,5720,0.0105,226,685,4.6,528,2025-07-20,2025-07-31 10:51:20.257834
P66426111,C16312420,6734,0.0909,119,283,4.5,892,2025-07-07,2025-07-31 10:51:20.257834
P85667640,C85219042,9534,0.1582,244,333,3.2,271,2025-07-25,2025-07-31 10:51:20.257834
P93463904,C53411442,3003,0.2594,344,308,3.9,973,2025-07-10,2025-07-31 10:51:20.257834
P24621134,C42604327,1662,0.2549,399,797,4.7,705,2025-07-30,2025-07-31 10:51:20.257834
P52466303,C86137729,9346,0.0295,81,643,3.7,946,2025-07-16,2025-07-31 10:51:20.257834
P55342943,C84271203,4440,0.2981,460,485,4.7,631,2025-07-22,2025-07-31 10:51:20.257834
P00785887,C99667780,4639,0.2367,474,931,3.3,9,2025-07-30,2025-07-31 10:51:20.257834
P82220323,C62372182,2043,0.2986,371,696,3.9,614,2025-07-26,2025-07-31 10:51:20.257834
P49143499,C69913175,6140,0.0409,285,47,4.4,237,2025-07-18,2025-07-31 10:51:20.257834
P18581710,C70025327,2733,0.0254,244,307,3.9,457,2025-07-17,2025-07-31 10:51:20.257834
P72122490,C60680126,1366,0.1584,24,169,4.9,126,2025-07-21,2025-07-31 10:51:20.257834
P26721629,C36474086,9766,0.2933,321,846,3.8,757,2025-07-20,2025-07-31 10:51:20.257834
P94842286,C01903340,2213,0.2446,274,55,4.5,961,2025-07-18,2025-07-31 10:51:20.257834
P91352411,C90882872,6518,0.0163,183,800,3.6,225,2025-07-07,2025-07-31 10:51:20.257834
P55734793,C35931113,2548,0.2634,104,633,4.2,819,2025-07-03,2025-07-31 10:51:20.257834
P39029693,C94393215,2340,0.2863,375,761,4.0,639,2025-07-04,2025-07-31 10:51:20.257834
P01878156,C43267409,9961,0.0815,432,471,4.3,611,2025-07-02,2025-07-31 10:51:20.257834
P26606774,C53988749,3120,0.1576,124,570,4.9,865,2025-07-14,2025-07-31 10:51:20.257834
P24214779,C05207001,8914,0.2159,281,100,3.1,110,2025-07-20,2025-07-31 10:51:20.257834
P95353608,C60024152,3272,0.1792,140,994,3.0,511,2025-07-25,2025-07-31 10:51:20.257834
P01956932,C00266572,8933,0.2796,354,861,4.2,55,2025-07-06,2025-07-31 10:51:20.257834
P23206764,C17090764,1539,0.2413,126,460,4.1,728,2025-07-07,2025-07-31 10:51:20.257834
P87740364,C07074085,9288,0.2638,184,144,4.1,632,2025-07-18,2025-07-31 10:51:20.257834
P17696153,C67541222,7580,0.2588,52,715,4.5,990,2025-07-11,2025-07-31 10:51:20.257834
P24132561,C52544782,2847,0.2874,20,104,3.1,282,2025-07-17,2025-07-31 10:51:20.257834
P72861639,C04441053,4040,0.2055,272,39,3.9,151,2025-07-30,2025-07-31 10:51:20.257834
P52655682,C54605294,8118,0.2758,468,386,4.4,140,2025-07-06,2025-07-31 10:51:20.257834
P90207677,C69961480,5727,0.2427,412,611,3.8,234,2025-07-02,2025-07-31 10:51:20.257834
P50085984,C58607203,4144,0.1191,454,321,4.0,224,2025-07-21,2025-07-31 10:51:20.257834
P36231596,C63370033,2408,0.0224,275,108,3.6,336,2025-07-13,2025-07-31 10:51:20.257834
P81022671,C85167086,6905,0.2511,27,411,4.1,759,2025-07-06,2025-07-31 10:51:20.257834
P89551942,C77499197,2359,0.1878,88,284,4.4,838,2025-07-29,2025-07-31 10:51:20.257834
P97607086,C82979987,2902,0.1992,118,869,3.1,996,2025-07-30,2025-07-31 10:51:20.257834
P19501175,C18254663,4071,0.2477,158,906,4.4,992,2025-07-13,2025-07-31 10:51:20.257834
P77369128,C13558370,4571,0.0858,455,157,3.1,307,2025-07-28,2025-07-31 10:51:20.257834
P64334135,C03054393,1692,0.1532,262,317,4.0,984,2025-07-22,2025-07-31 10:51:20.257834
P02508605,C89877148,9078,0.1826,238,467,4.7,980,2025-07-25,2025-07-31 10:51:20.257834
P55147837,C28477548,6144,0.0875,361,393,4.9,541,2025-07-29,2025-07-31 10:51:20.257834
P06144873,C85952879,8730,0.2782,161,836,3.8,118,2025-07-02,2025-07-31 10:51:20.257834
P49810232,C37946825,6300,0.1362,178,872,4.3,529,2025-07-30,2025-07-31 10:51:20.257834
P44715967,C04859222,4172,0.0111,38,58,3.1,593,2025-07-13,2025-07-31 10:51:20.257834
P95240579,C46811122,5025,0.014,155,879,4.3,634,2025-07-05,2025-07-31 10:51:20.257834
P90858975,C00071516,2785,0.2871,234,150,3.9,222,2025-07-30,2025-07-31 10:51:20.257834
P00467556,C99443853,1140,0.2682,230,568,4.2,450,2025-07-16,2025-07-31 10:51:20.257834
P16059165,C82918177,2044,0.1894,466,100,3.2,440,2025-07-07,2025-07-31 10:51:20.257834
P16684396,C94842182,7822,0.2294,226,927,4.6,251,2025-07-21,2025-07-31 10:51:20.257834
P53740234,C25830827,1794,0.1822,372,575,3.1,710,2025-07-30,2025-07-31 10:51:20.257834
P82639085,C78083654,7084,0.1588,414,959,3.2,427,2025-07-13,2025-07-31 10:51:20.257834
P35880860,C20121408,7939,0.3,230,183,3.7,977,2025-07-17,2025-07-31 10:51:20.257834
P51864647,C42284390,6681,0.2199,208,562,3.7,706,2025-07-11,2025-07-31 10:51:20.257834
P87785945,C70146644,6392,0.2522,260,370,3.1,728,2025-07-14,2025-07-31 10:51:20.257834
P84586866,C34296907,6702,0.2551,356,773,4.3,211,2025-07-03,2025-07-31 10:51:20.257834
P80494881,C83252212,8454,0.0382,454,546,3.2,99,2025-07-21,2025-07-31 10:51:20.257834
P94999243,C50730714,3346,0.2327,347,898,3.7,773,2025-07-05,2025-07-31 10:51:20.257834
P40375854,C29015625,8243,0.1916,408,269,4.2,547,2025-07-12,2025-07-31 10:51:20.257834
P84184575,C24282750,6830,0.2948,321,145,3.9,734,2025-07-08,2025-07-31 10:51:20.257834
P91869840,C92382858,2369,0.0601,229,655,4.3,255,2025-07-26,2025-07-31 10:51:20.257834
P07720334,C44185289,758,0.057,163,33,3.5,406,2025-07-29,2025-07-31 10:51:20.257834
P21695158,C58801653,6042,0.2101,131,540,3.8,159,2025-07-04,2025-07-31 10:51:20.257834
P51031495,C68502841,747,0.0381,360,738,4.9,165,2025-07-13,2025-07-31 10:51:20.257834
P71651170,C51726154,4693,0.1199,412,209,4.3,260,2025-07-17,2025-07-31 10:51:20.257834
P58760869,C38884784,3568,0.0728,247,618,4.9,723,2025-07-03,2025-07-31 10:51:20.257834
P05761411,C58452894,9922,0.2992,305,53,3.7,976,2025-07-25,2025-07-31 10:51:20.257834
P25333362,C37836654,6951,0.0485,164,742,4.8,484,2025-07-23,2025-07-31 10:51:20.257834
P52274509,C95307178,2418,0.2222,190,564,4.6,367,2025-07-22,2025-07-31 10:51:20.257834
P07420423,C11028685,4408,0.1195,448,434,4.3,111,2025-07-21,2025-07-31 10:51:20.257834
P63715726,C63651323,4814,0.0581,28,512,3.5,654,2025-07-08,2025-07-31 10:51:20.257834
P30149062,C75225747,8163,0.1416,152,288,3.7,673,2025-07-03,2025-07-31 10:51:20.257834
P72772903,C56005727,3853,0.1992,191,702,4.0,76,2025-07-30,2025-07-31 10:51:20.257834
P74440631,C69789457,8600,0.0401,455,485,4.4,829,2025-07-06,2025-07-31 10:51:20.257834
P00870886,C16117724,7268,0.0482,322,671,4.4,981,2025-07-29,2025-07-31 10:51:20.257834
P38229813,C01222960,7137,0.0969,449,938,3.7,791,2025-07-28,2025-07-31 10:51:20.257834
P43988917,C27155300,2363,0.0176,204,383,3.2,62,2025-07-22,2025-07-31 10:51:20.257834
P96616682,C63705371,4521,0.1366,252,750,4.1,25,2025-07-14,2025-07-31 10:51:20.258833
P89160452,C74688632,2143,0.0941,240,819,4.2,411,2025-07-21,2025-07-31 10:51:20.258833
P11610346,C45031795,5149,0.1466,304,988,3.1,331,2025-07-23,2025-07-31 10:51:20.258833
P89123015,C28211722,3932,0.288,259,959,3.5,825,2025-07-06,2025-07-31 10:51:20.258833
P95070091,C39924245,509,0.2087,92,894,3.5,387,2025-07-15,2025-07-31 10:51:20.258833
P56865641,C49751309,7692,0.1599,18,711,4.1,154,2025-07-15,2025-07-31 10:51:20.258833
P37333026,C18271997,1580,0.0511,407,944,4.0,23,2025-07-04,2025-07-31 10:51:20.258833
P69989639,C12639181,6142,0.1518,34,14,3.2,471,2025-07-09,2025-07-31 10:51:20.258833
P09833910,C43486788,7228,0.2854,232,470,4.6,434,2025-07-01,2025-07-31 10:51:20.258833
P23181444,C62630187,8501,0.2966,69,806,4.5,239,2025-07-22,2025-07-31 10:51:20.258833
P14915387,C63642100,6510,0.233,207,964,3.3,736,2025-07-03,2025-07-31 10:51:20.258833
P09990242,C37434847,1313,0.2975,396,88,4.5,430,2025-07-18,2025-07-31 10:51:20.258833
P22105485,C66710404,2972,0.2143,68,983,3.0,368,2025-07-13,2025-07-31 10:51:20.258833
P43878056,C27171665,1179,0.2484,76,677,3.1,474,2025-07-01,2025-07-31 10:51:20.258833
P46482635,C94760777,1151,0.1259,485,435,3.5,844,2025-07-10,2025-07-31 10:51:20.258833
P87931546,C38395898,6492,0.1982,221,481,4.0,731,2025-07-09,2025-07-31 10:51:20.258833
P53771866,C36383355,995,0.0982,354,133,4.5,907,2025-07-03,2025-07-31 10:51:20.258833
P80333341,C92005641,3845,0.226,171,460,3.6,849,2025-07-02,2025-07-31 10:51:20.258833
P15389348,C03925273,3299,0.0308,243,835,4.8,455,2025-07-08,2025-07-31 10:51:20.258833
P57291238,C62798053,8577,0.2628,211,576,3.4,799,2025-07-04,2025-07-31 10:51:20.258833
P30953787,C34473097,1128,0.0541,186,571,4.4,101,2025-07-23,2025-07-31 10:51:20.258833
P19826510,C89089779,2674,0.2677,412,78,3.1,205,2025-07-25,2025-07-31 10:51:20.258833
P77067837,C76588077,3153,0.1307,76,995,4.8,725,2025-07-05,2025-07-31 10:51:20.258833
P35206980,C81381009,4264,0.1257,473,905,3.4,802,2025-07-19,2025-07-31 10:51:20.258833
P50348752,C98718622,9200,0.1343,314,540,4.2,869,2025-07-19,2025-07-31 10:51:20.258833
P71021000,C15667309,5929,0.035,198,487,4.0,588,2025-07-19,2025-07-31 10:51:20.258833
P09393552,C08287894,6045,0.1653,157,33,3.5,662,2025-07-05,2025-07-31 10:51:20.258833
P98677041,C92171765,6534,0.1185,472,458,3.4,35,2025-07-30,2025-07-31 10:51:20.258833
P53427270,C59708820,2049,0.1294,444,748,4.4,451,2025-07-16,2025-07-31 10:51:20.258833
P36506300,C61035004,5248,0.2059,144,361,4.5,494,2025-07-09,2025-07-31 10:51:20.258833
P45525156,C51911778,5020,0.1524,233,727,4.5,9,2025-07-06,2025-07-31 10:51:20.258833
P80755775,C49767550,2584,0.0921,296,972,4.8,543,2025-07-07,2025-07-31 10:51:20.258833
P52033497,C72884637,6101,0.0357,95,390,4.1,537,2025-07-23,2025-07-31 10:51:20.258833
P34822507,C72115781,4559,0.0491,453,541,3.4,362,2025-07-05,2025-07-31 10:51:20.258833
P08904854,C26447665,8456,0.2301,234,390,3.0,880,2025-07-03,2025-07-31 10:51:20.258833
P97706556,C20807394,2799,0.0614,400,751,3.2,276,2025-07-08,2025-07-31 10:51:20.258833
P86258739,C15982007,6096,0.1004,59,319,3.8,442,2025-07-22,2025-07-31 10:51:20.258833
P36936122,C53488851,755,0.1827,224,580,4.2,809,2025-07-16,2025-07-31 10:51:20.258833
P87308242,C64761979,9941,0.2521,156,58,4.1,314,2025-07-19,2025-07-31 10:51:20.258833
P82601854,C42605311,7759,0.0624,169,12,4.8,136,2025-07-22,2025-07-31 10:51:20.258833
P67016202,C99602527,7700,0.1509,168,193,4.8,214,2025-07-07,2025-07-31 10:51:20.258833
P60258547,C53036532,3789,0.1341,313,836,3.1,298,2025-07-08,2025-07-31 10:51:20.258833
P65489006,C12042259,2206,0.0938,376,748,3.7,340,2025-07-07,2025-07-31 10:51:20.258833
P73314267,C01201579,9986,0.1951,289,901,4.4,663,2025-07-10,2025-07-31 10:51:20.258833
P78923159,C25449779,3104,0.0495,481,31,4.5,426,2025-07-22,2025-07-31 10:51:20.258833
P04468302,C03697298,4727,0.2595,170,57,4.3,451,2025-07-29,2025-07-31 10:51:20.258833
P36022058,C10378347,7364,0.2522,208,90,4.3,292,2025-07-16,2025-07-31 10:51:20.258833
P68798111,C49811692,6248,0.014,348,24,4.9,77,2025-07-26,2025-07-31 10:51:20.258833
P65923693,C39987689,6593,0.1811,343,403,3.5,478,2025-07-30,2025-07-31 10:51:20.258833
P44173573,C51441032,9186,0.185,149,601,3.9,963,2025-07-24,2025-07-31 10:51:20.258833
P97174798,C70068885,9926,0.233,120,212,3.9,634,2025-07-17,2025-07-31 10:51:20.258833
P13672174,C39195082,6820,0.2912,63,792,3.5,933,2025-07-08,2025-07-31 10:51:20.258833
P22162690,C92992699,2773,0.1884,313,502,3.6,958,2025-07-20,2025-07-31 10:51:20.258833
P12725743,C49969274,5380,0.1976,347,781,4.4,528,2025-07-11,2025-07-31 10:51:20.258833
P59140475,C12564831,6851,0.1351,359,318,4.4,367,2025-07-26,2025-07-31 10:51:20.258833
P21505096,C10836629,8493,0.2406,432,260,3.9,683,2025-07-14,2025-07-31 10:51:20.258833
P21426629,C28081429,764,0.171,332,795,4.9,776,2025-07-09,2025-07-31 10:51:20.258833
P75048321,C94448665,1467,0.1357,400,426,4.8,71,2025-07-14,2025-07-31 10:51:20.258833
P36962078,C34846851,1168,0.0407,314,344,3.8,904,2025-07-22,2025-07-31 10:51:20.258833
P18245135,C22660815,3814,0.1709,262,141,4.8,178,2025-07-07,2025-07-31 10:51:20.258833
P45414703,C59427638,5765,0.2078,147,166,3.4,968,2025-07-05,2025-07-31 10:51:20.258833
P75408630,C16395827,7874,0.0298,146,403,4.6,73,2025-07-11,2025-07-31 10:51:20.258833
P00403488,C06240172,8965,0.0668,195,392,4.0,370,2025-07-20,2025-07-31 10:51:20.258833
P29038263,C06651295,1852,0.224,388,733,4.3,703,2025-07-03,2025-07-31 10:51:20.258833
P90050194,C35261962,5224,0.2473,63,918,3.3,697,2025-07-05,2025-07-31 10:51:20.258833
P68974123,C28615193,4677,0.291,22,258,3.4,458,2025-07-23,2025-07-31 10:51:20.258833
P11366184,C10519048,9584,0.091,475,401,4.3,814,2025-07-07,2025-07-31 10:51:20.258833
P99258972,C03753583,2628,0.0784,211,60,4.5,22,2025-07-27,2025-07-31 10:51:20.258833
P71762353,C19769938,8014,0.1065,127,351,4.2,587,2025-07-23,2025-07-31 10:51:20.258833
P90934825,C38088691,5434,0.1959,332,561,5.0,645,2025-07-02,2025-07-31 10:51:20.258833
P59546263,C31727931,6121,0.1365,18,140,3.2,580,2025-07-27,2025-07-31 10:51:20.258833
P32264270,C14537443,6326,0.0995,305,656,3.3,178,2025-07-22,2025-07-31 10:51:20.258833
P73301765,C85927117,2367,0.2917,172,85,4.9,155,2025-07-01,2025-07-31 10:51:20.258833
P75678449,C74690340,4066,0.1534,477,898,3.8,936,2025-07-21,2025-07-31 10:51:20.258833
P14072305,C58580529,1766,0.1239,425,451,4.9,109,2025-07-03,2025-07-31 10:51:20.258833
P19686394,C78488330,6609,0.1009,203,880,4.8,345,2025-07-27,2025-07-31 10:51:20.258833
P51678423,C15306933,6353,0.1489,320,617,3.8,273,2025-07-14,2025-07-31 10:51:20.258833
P59849487,C14379402,5647,0.2968,393,652,4.4,497,2025-07-18,2025-07-31 10:51:20.258833
P29837968,C14219375,7161,0.2881,55,101,4.7,498,2025-07-11,2025-07-31 10:51:20.258833
P61625199,C87439386,7217,0.1671,329,630,4.4,701,2025-07-19,2025-07-31 10:51:20.258833
P62957039,C18276525,9540,0.2717,373,271,4.6,722,2025-07-03,2025-07-31 10:51:20.258833
P58025795,C61623309,2059,0.0498,34,280,3.5,745,2025-07-03,2025-07-31 10:51:20.258833
P95123724,C37761832,6900,0.1224,442,528,3.1,324,2025-07-01,2025-07-31 10:51:20.258833
P44871002,C10236265,3756,0.124,71,895,3.7,263,2025-07-04,2025-07-31 10:51:20.258833
P70356125,C73534547,1679,0.164,25,44,4.8,89,2025-07-03,2025-07-31 10:51:20.258833
P28159264,C29947455,1177,0.076,279,530,3.6,506,2025-07-15,2025-07-31 10:51:20.258833
P17424381,C36240258,1695,0.2561,119,263,3.3,719,2025-07-13,2025-07-31 10:51:20.258833
P73942249,C45424162,4861,0.0243,478,516,4.3,282,2025-07-22,2025-07-31 10:51:20.258833
P04041199,C16488512,7629,0.2476,234,586,3.4,849,2025-07-13,2025-07-31 10:51:20.258833
P63029393,C01559531,6968,0.2959,215,353,4.2,614,2025-07-24,2025-07-31 10:51:20.258833
P90180845,C63879846,3688,0.0949,44,710,3.2,431,2025-07-08,2025-07-31 10:51:20.258833
P00359437,C86202642,8090,0.2025,469,399,3.9,602,2025-07-29,2025-07-31 10:51:20.258833
P15344459,C20511019,5925,0.235,377,623,4.9,729,2025-07-17,2025-07-31 10:51:20.258833
P47171277,C31417228,3514,0.2552,203,781,4.5,667,2025-07-16,2025-07-31 10:51:20.258833
P77326590,C81412110,6472,0.1336,237,481,4.6,641,2025-07-03,2025-07-31 10:51:20.258833
P65664094,C60034257,5563,0.1419,172,623,3.3,180,2025-07-18,2025-07-31 10:51:20.258833
P61568611,C20961666,2085,0.1932,153,781,3.8,902,2025-07-04,2025-07-31 10:51:20.258833
P36532309,C36891453,4786,0.0175,73,841,3.5,886,2025-07-30,2025-07-31 10:51:20.258833
P25675183,C51173255,3997,0.0564,178,451,3.2,535,2025-07-27,2025-07-31 10:51:20.258833
P30471986,C35628240,6387,0.0492,360,439,4.6,231,2025-07-04,2025-07-31 10:51:20.258833
P29631385,C68069014,5931,0.2423,243,133,3.7,446,2025-07-12,2025-07-31 10:51:20.258833
P29439938,C48560851,2700,0.1823,11,483,3.8,763,2025-07-12,2025-07-31 10:51:20.258833
P90207043,C81178002,5933,0.2693,309,71,4.7,51,2025-07-09,2025-07-31 10:51:20.258833
P30222317,C09381492,5347,0.1454,398,699,3.6,994,2025-07-18,2025-07-31 10:51:20.258833
P25001617,C69033547,1764,0.2248,384,722,3.8,200,2025-07-29,2025-07-31 10:51:20.258833
P46231945,C75843423,6162,0.1871,113,148,3.4,613,2025-07-30,2025-07-31 10:51:20.258833
P70302881,C68059309,6195,0.2002,125,609,5.0,758,2025-07-01,2025-07-31 10:51:20.258833
P92706832,C73121173,1184,0.1365,330,731,3.8,926,2025-07-20,2025-07-31 10:51:20.258833
P44679034,C45936116,7187,0.2097,499,798,4.9,982,2025-07-14,2025-07-31 10:51:20.258833
P38751419,C91884965,8315,0.1153,181,695,3.8,173,2025-07-06,2025-07-31 10:51:20.258833
P77381261,C45845026,8917,0.1428,452,913,4.0,816,2025-07-25,2025-07-31 10:51:20.258833
P78080926,C62401462,3277,0.1789,449,427,3.3,157,2025-07-13,2025-07-31 10:51:20.258833
P12611374,C76841847,2505,0.1209,372,684,4.7,609,2025-07-11,2025-07-31 10:51:20.258833
P72907739,C47465173,7834,0.0319,187,194,3.2,918,2025-07-10,2025-07-31 10:51:20.258833
P65503387,C51406929,7978,0.0315,142,208,4.5,288,2025-07-17,2025-07-31 10:51:20.258833
P38858913,C33872320,7108,0.2244,174,911,4.8,541,2025-07-13,2025-07-31 10:51:20.258833
P84558834,C28124516,603,0.151,493,989,4.0,992,2025-07-23,2025-07-31 10:51:20.258833
P59358462,C91713717,2360,0.1039,404,604,4.9,420,2025-07-10,2025-07-31 10:51:20.258833
P31613742,C66631459,1287,0.1432,387,930,3.1,786,2025-07-27,2025-07-31 10:51:20.258833
P38670467,C83105821,6905,0.1457,147,642,3.1,46,2025-07-19,2025-07-31 10:51:20.258833
P78189270,C85213929,6372,0.1523,453,806,3.3,210,2025-07-03,2025-07-31 10:51:20.258833
P75227178,C72608312,5841,0.0514,105,503,4.2,295,2025-07-10,2025-07-31 10:51:20.258833
P98875971,C70886375,2966,0.0845,467,735,3.1,624,2025-07-04,2025-07-31 10:51:20.258833
P23391296,C33295346,3136,0.0378,374,90,3.1,67,2025-07-03,2025-07-31 10:51:20.258833
P67239427,C62232686,9620,0.1889,250,836,4.8,578,2025-07-19,2025-07-31 10:51:20.258833
P75959815,C42546487,4531,0.0912,339,835,4.0,96,2025-07-30,2025-07-31 10:51:20.258833
P18653291,C88625769,2695,0.2097,420,903,3.0,627,2025-07-16,2025-07-31 10:51:20.258833
P50659711,C99430017,7774,0.2825,242,159,3.2,931,2025-07-27,2025-07-31 10:51:20.258833
P74447340,C67832139,3942,0.245,498,610,4.1,215,2025-07-06,2025-07-31 10:51:20.258833
P49664387,C73660372,8014,0.2249,230,404,4.7,17,2025-07-06,2025-07-31 10:51:20.258833
P69505411,C99476767,745,0.1579,269,913,3.0,303,2025-07-30,2025-07-31 10:51:20.258833
P73813675,C46572758,8791,0.2446,94,41,4.0,566,2025-07-05,2025-07-31 10:51:20.258833
P55542357,C73586544,2649,0.2139,40,117,3.0,895,2025-07-22,2025-07-31 10:51:20.258833
P58128511,C22069937,9006,0.0124,314,348,3.1,480,2025-07-18,2025-07-31 10:51:20.258833
P50670930,C42940929,2543,0.2083,145,971,3.8,248,2025-07-27,2025-07-31 10:51:20.258833
P97193315,C88228390,3084,0.0574,143,547,3.8,702,2025-07-06,2025-07-31 10:51:20.258833
P63126174,C44564019,1185,0.141,359,236,3.3,772,2025-07-18,2025-07-31 10:51:20.258833
P16091014,C68866054,1361,0.2925,243,619,3.5,789,2025-07-06,2025-07-31 10:51:20.258833
P70834362,C79158514,6284,0.2993,56,267,3.2,124,2025-07-22,2025-07-31 10:51:20.258833
P22343640,C21071027,4290,0.1167,322,389,3.8,904,2025-07-05,2025-07-31 10:51:20.258833
P85397175,C64400455,7241,0.021,428,565,3.9,712,2025-07-01,2025-07-31 10:51:20.258833
P47195372,C28520399,1072,0.1285,216,54,3.4,470,2025-07-08,2025-07-31 10:51:20.258833
P16930520,C50449185,7683,0.1136,445,554,4.4,82,2025-07-17,2025-07-31 10:51:20.258833
P67683566,C51283918,3958,0.1334,288,987,3.1,626,2025-07-13,2025-07-31 10:51:20.258833
P67309715,C62298171,9669,0.1415,303,346,4.0,557,2025-07-07,2025-07-31 10:51:20.258833
P02945089,C18663331,5963,0.0766,112,690,4.8,887,2025-07-25,2025-07-31 10:51:20.258833
P18308510,C21946582,7403,0.133,205,356,4.0,895,2025-07-09,2025-07-31 10:51:20.258833
P24070954,C26029997,2300,0.2626,62,669,4.9,770,2025-07-22,2025-07-31 10:51:20.258833
P09973662,C30751055,5960,0.0534,282,615,4.8,456,2025-07-08,2025-07-31 10:51:20.258833
P47148555,C67729461,543,0.095,438,951,4.7,818,2025-07-21,2025-07-31 10:51:20.258833
P09097414,C63006031,8644,0.1409,277,896,3.7,846,2025-07-23,2025-07-31 10:51:20.258833
P91325437,C95062242,8808,0.0163,88,388,4.0,709,2025-07-12,2025-07-31 10:51:20.258833
P22421207,C73280233,7402,0.169,246,738,4.7,140,2025-07-16,2025-07-31 10:51:20.258833
P19993970,C82956575,9801,0.1669,499,479,4.6,248,2025-07-23,2025-07-31 10:51:20.258833
P60867133,C69548367,5170,0.0558,250,576,3.7,179,2025-07-22,2025-07-31 10:51:20.258833
P63253919,C89731639,5190,0.2537,247,946,3.2,298,2025-07-26,2025-07-31 10:51:20.258833
P36652838,C65179308,3225,0.1267,78,329,3.3,263,2025-07-04,2025-07-31 10:51:20.258833
P43078043,C28462219,760,0.2201,157,88,3.6,884,2025-07-13,2025-07-31 10:51:20.258833
P03997147,C07574991,8094,0.0728,235,351,3.8,567,2025-07-16,2025-07-31 10:51:20.258833
P58889314,C78458185,2743,0.1168,127,48,4.0,163,2025-07-06,2025-07-31 10:51:20.258833
P69406142,C02058635,9886,0.233,282,940,3.6,625,2025-07-19,2025-07-31 10:51:20.258833
P15473499,C67713227,7533,0.2151,23,456,3.4,161,2025-07-16,2025-07-31 10:51:20.258833
P69167987,C60552175,581,0.282,491,813,3.0,666,2025-07-06,2025-07-31 10:51:20.258833
P31231900,C21403574,8885,0.2634,163,476,3.9,826,2025-07-13,2025-07-31 10:51:20.258833
P80220323,C10316615,1415,0.2724,26,905,4.9,639,2025-07-25,2025-07-31 10:51:20.258833
P33857051,C80862280,6720,0.1815,330,916,3.2,951,2025-07-06,2025-07-31 10:51:20.258833
P93314713,C24910941,6505,0.2514,372,358,3.2,862,2025-07-22,2025-07-31 10:51:20.258833
P35702429,C64360007,8453,0.0758,399,106,3.9,285,2025-07-10,2025-07-31 10:51:20.259833
P42470765,C98207031,8040,0.1652,395,17,4.1,284,2025-07-07,2025-07-31 10:51:20.259833
P74726283,C80211267,840,0.1711,169,78,3.7,87,2025-07-25,2025-07-31 10:51:20.259833
P16649111,C80153563,5386,0.2186,492,521,3.2,321,2025-07-09,2025-07-31 10:51:20.259833
P80572371,C11412482,3514,0.2998,299,956,3.0,517,2025-07-11,2025-07-31 10:51:20.259833
P27646134,C05448589,1566,0.1629,69,439,4.9,961,2025-07-24,2025-07-31 10:51:20.259833
P46167744,C29833406,3221,0.1238,98,874,4.2,578,2025-07-09,2025-07-31 10:51:20.259833
P44729819,C55599161,506,0.0341,76,431,3.9,775,2025-07-09,2025-07-31 10:51:20.259833
P92118896,C03100828,5936,0.1882,406,840,4.9,38,2025-07-24,2025-07-31 10:51:20.259833
P22275951,C89838224,5281,0.2013,116,350,3.2,927,2025-07-27,2025-07-31 10:51:20.259833
P22630594,C35986750,532,0.2536,305,14,4.0,866,2025-07-14,2025-07-31 10:51:20.259833
P00651007,C93947485,1087,0.1714,266,327,4.5,646,2025-07-21,2025-07-31 10:51:20.259833
P08383796,C93456811,4606,0.1472,461,364,4.7,728,2025-07-10,2025-07-31 10:51:20.259833
P46535759,C49935067,3771,0.25,419,454,4.2,102,2025-07-10,2025-07-31 10:51:20.259833
P11730074,C29365699,1416,0.1906,301,59,4.5,673,2025-07-09,2025-07-31 10:51:20.259833
P33798800,C35548594,1820,0.0605,110,867,3.5,476,2025-07-27,2025-07-31 10:51:20.259833
P30891782,C09388576,1005,0.2613,308,382,4.7,457,2025-07-30,2025-07-31 10:51:20.259833
P12962862,C96968977,8302,0.0933,125,445,3.7,361,2025-07-04,2025-07-31 10:51:20.259833
P51184939,C21445011,3541,0.0857,303,233,4.3,840,2025-07-26,2025-07-31 10:51:20.259833
P45699444,C14944557,2760,0.1273,48,830,4.3,46,2025-07-04,2025-07-31 10:51:20.259833
P65877924,C65583520,6633,0.0187,340,223,4.3,589,2025-07-20,2025-07-31 10:51:20.259833
P03425902,C85169136,7781,0.0265,43,463,3.3,216,2025-07-14,2025-07-31 10:51:20.259833
P08628582,C54943320,8458,0.2896,240,479,4.2,700,2025-07-11,2025-07-31 10:51:20.259833
P44895088,C21939057,6735,0.1791,199,55,4.6,392,2025-07-06,2025-07-31 10:51:20.259833
P80683419,C64658248,4781,0.069,202,118,3.9,689,2025-07-04,2025-07-31 10:51:20.259833
P81282052,C27923630,7099,0.2011,411,224,3.7,971,2025-07-24,2025-07-31 10:51:20.259833
P93157937,C70972680,9067,0.2042,186,65,3.7,992,2025-07-22,2025-07-31 10:51:20.259833
P42425509,C54883211,5509,0.2696,406,789,4.3,266,2025-07-09,2025-07-31 10:51:20.259833
P85125535,C55109472,3251,0.2772,141,243,4.4,875,2025-07-15,2025-07-31 10:51:20.259833
P99215605,C70426978,8004,0.2206,30,791,4.3,433,2025-07-08,2025-07-31 10:51:20.259833
P40128013,C56901813,6628,0.1647,468,441,3.9,925,2025-07-02,2025-07-31 10:51:20.259833
P42621153,C73735714,2670,0.1451,108,328,4.9,88,2025-07-04,2025-07-31 10:51:20.259833
P75496039,C89077186,4141,0.2312,168,570,3.1,162,2025-07-11,2025-07-31 10:51:20.259833
P98581702,C52931871,4125,0.2167,314,400,3.1,597,2025-07-24,2025-07-31 10:51:20.259833
P89417364,C64648768,2470,0.0416,163,414,5.0,678,2025-07-16,2025-07-31 10:51:20.259833
P81166873,C85106182,5789,0.2559,494,601,4.5,486,2025-07-14,2025-07-31 10:51:20.259833
P52220686,C83500572,2870,0.1247,26,935,4.7,342,2025-07-07,2025-07-31 10:51:20.259833
P61401828,C46871999,2356,0.2343,363,141,4.1,704,2025-07-11,2025-07-31 10:51:20.259833
P43194280,C20880626,1985,0.2316,346,267,4.3,467,2025-07-27,2025-07-31 10:51:20.259833
P72580119,C67767708,5601,0.2177,272,113,3.2,268,2025-07-12,2025-07-31 10:51:20.259833
P38469478,C27802784,4916,0.2502,182,45,4.0,902,2025-07-27,2025-07-31 10:51:20.259833
P66606503,C59031578,1027,0.0301,458,850,4.8,896,2025-07-10,2025-07-31 10:51:20.259833
P26490149,C81347887,7104,0.2241,105,978,4.9,367,2025-07-14,2025-07-31 10:51:20.259833
P40078643,C30095765,4184,0.1934,455,223,3.1,226,2025-07-18,2025-07-31 10:51:20.259833
P93394730,C41425592,7138,0.1269,199,717,4.9,311,2025-07-24,2025-07-31 10:51:20.259833
P23056970,C97916371,1749,0.0971,373,518,4.0,822,2025-07-05,2025-07-31 10:51:20.259833
P28777985,C01880961,7415,0.0424,385,981,3.8,472,2025-07-05,2025-07-31 10:51:20.259833
P30262436,C15379568,9751,0.0658,360,641,3.8,251,2025-07-15,2025-07-31 10:51:20.259833
P51338220,C09671496,3885,0.1912,31,134,4.0,372,2025-07-17,2025-07-31 10:51:20.259833
P17622084,C93066239,7047,0.1794,255,743,4.4,1,2025-07-25,2025-07-31 10:51:20.259833
P27263615,C44851915,1092,0.2561,63,316,3.4,926,2025-07-21,2025-07-31 10:51:20.259833
P58809197,C54001989,978,0.2858,227,871,3.2,558,2025-07-16,2025-07-31 10:51:20.259833
P50712334,C74602830,7130,0.1899,91,422,5.0,65,2025-07-03,2025-07-31 10:51:20.259833
P19746415,C23444709,8431,0.0782,488,447,4.3,132,2025-07-17,2025-07-31 10:51:20.259833
P33229319,C04205194,5065,0.1947,243,189,3.4,848,2025-07-14,2025-07-31 10:51:20.259833
P53157697,C16623026,9107,0.0632,499,165,4.7,681,2025-07-08,2025-07-31 10:51:20.259833
P21074965,C09030513,3850,0.162,42,237,3.7,302,2025-07-12,2025-07-31 10:51:20.259833
P93269463,C38458145,3491,0.2563,156,701,4.7,320,2025-07-14,2025-07-31 10:51:20.259833
P97732595,C29789219,4093,0.2421,485,379,3.0,302,2025-07-12,2025-07-31 10:51:20.259833
P70950728,C34677316,3519,0.0907,387,686,3.7,205,2025-07-08,2025-07-31 10:51:20.259833
P20514452,C83631679,3326,0.1571,500,338,4.4,475,2025-07-26,2025-07-31 10:51:20.259833
P84966039,C66517606,1894,0.206,323,60,3.7,837,2025-07-11,2025-07-31 10:51:20.259833
P67248437,C81896511,8131,0.2214,346,434,4.5,679,2025-07-24,2025-07-31 10:51:20.259833
P28572013,C06548227,5007,0.2982,166,479,4.2,208,2025-07-18,2025-07-31 10:51:20.259833
P30361717,C18168073,1009,0.1528,161,723,4.7,471,2025-07-29,2025-07-31 10:51:20.259833
P25305784,C27473731,3792,0.2542,369,79,3.1,977,2025-07-03,2025-07-31 10:51:20.259833
P88311880,C39078390,8765,0.1439,462,474,3.4,361,2025-07-21,2025-07-31 10:51:20.259833
P82164886,C46202838,5121,0.2017,298,378,4.2,288,2025-07-29,2025-07-31 10:51:20.259833
P85108941,C30646858,9453,0.262,297,761,4.2,441,2025-07-17,2025-07-31 10:51:20.259833
P33703292,C52584440,1475,0.2959,318,63,3.0,951,2025-07-14,2025-07-31 10:51:20.259833
P91322482,C94498730,1769,0.0849,354,893,4.9,463,2025-07-29,2025-07-31 10:51:20.259833
P53807050,C87384251,6832,0.2659,206,970,4.5,408,2025-07-28,2025-07-31 10:51:20.259833
P88091580,C28615758,8869,0.2246,324,231,4.7,340,2025-07-05,2025-07-31 10:51:20.259833
P77484339,C72643727,1594,0.2731,224,871,3.4,62,2025-07-26,2025-07-31 10:51:20.259833
P71833736,C32862463,9159,0.2276,461,229,3.9,972,2025-07-09,2025-07-31 10:51:20.259833
P96945445,C41002991,1541,0.1133,31,400,4.4,673,2025-07-05,2025-07-31 10:51:20.259833
P28016385,C81841599,5415,0.0302,19,173,4.5,212,2025-07-16,2025-07-31 10:51:20.259833
P52945434,C19180454,5757,0.2375,379,562,3.4,960,2025-07-27,2025-07-31 10:51:20.259833
P50882587,C55057202,7682,0.2398,20,721,4.3,868,2025-07-26,2025-07-31 10:51:20.259833
P65010746,C30343956,9288,0.1408,346,703,4.7,594,2025-07-16,2025-07-31 10:51:20.259833
P39810755,C00247410,641,0.2158,201,352,4.9,13,2025-07-21,2025-07-31 10:51:20.259833
P21254990,C41713354,1889,0.0308,409,891,4.3,537,2025-07-10,2025-07-31 10:51:20.259833
P66784868,C25624356,5896,0.168,16,436,4.2,591,2025-07-02,2025-07-31 10:51:20.259833
P13565533,C65612937,7191,0.0285,84,113,3.4,38,2025-07-19,2025-07-31 10:51:20.259833
P60931641,C76904182,3534,0.2126,57,533,3.0,910,2025-07-12,2025-07-31 10:51:20.259833
P26194814,C27137224,3148,0.2011,41,246,4.0,16,2025-07-30,2025-07-31 10:51:20.259833
P68524786,C28979686,4491,0.2343,424,835,4.7,750,2025-07-26,2025-07-31 10:51:20.259833
P02861622,C78704844,5637,0.024,486,101,5.0,545,2025-07-06,2025-07-31 10:51:20.259833
P28996500,C48713394,1324,0.2938,204,471,4.4,436,2025-07-14,2025-07-31 10:51:20.259833
P62822358,C12400947,6999,0.0852,252,28,4.7,358,2025-07-25,2025-07-31 10:51:20.259833
P52762120,C27820044,1456,0.2669,451,838,4.4,541,2025-07-03,2025-07-31 10:51:20.259833
P31415163,C60213927,9898,0.1522,408,405,3.8,423,2025-07-07,2025-07-31 10:51:20.259833
P42770162,C40192092,9062,0.1317,184,303,3.3,880,2025-07-12,2025-07-31 10:51:20.259833
P66061887,C97742661,3876,0.2374,386,408,3.5,243,2025-07-08,2025-07-31 10:51:20.259833
P74084107,C54857786,6423,0.0304,421,929,4.5,389,2025-07-18,2025-07-31 10:51:20.259833
P52537674,C94830195,4833,0.2475,265,172,3.7,675,2025-07-03,2025-07-31 10:51:20.259833
P03678681,C91512955,9682,0.1023,51,855,4.8,71,2025-07-06,2025-07-31 10:51:20.259833
P37703580,C46536683,1119,0.1012,313,373,3.3,329,2025-07-26,2025-07-31 10:51:20.259833
P87320332,C31403399,4345,0.2119,460,545,4.6,720,2025-07-08,2025-07-31 10:51:20.259833
P79561067,C70469068,8086,0.1615,348,918,4.7,300,2025-07-20,2025-07-31 10:51:20.259833
P41766039,C79777587,7814,0.2584,228,337,3.9,264,2025-07-15,2025-07-31 10:51:20.259833
P13005430,C95895350,2945,0.2252,470,33,4.8,651,2025-07-22,2025-07-31 10:51:20.259833
P59741454,C17442763,2395,0.075,82,669,3.8,660,2025-07-17,2025-07-31 10:51:20.259833
P36265347,C36430430,9056,0.2277,423,158,5.0,318,2025-07-01,2025-07-31 10:51:20.259833
P73075405,C04943006,3675,0.2584,283,389,4.4,741,2025-07-22,2025-07-31 10:51:20.259833
P06286741,C22571647,7194,0.0217,73,127,3.0,661,2025-07-29,2025-07-31 10:51:20.259833
P65641702,C02798767,3026,0.0918,430,962,4.5,639,2025-07-15,2025-07-31 10:51:20.259833
P78723816,C04986899,3082,0.2505,167,426,4.2,165,2025-07-28,2025-07-31 10:51:20.259833
P15903922,C89342331,9726,0.111,195,595,3.1,491,2025-07-14,2025-07-31 10:51:20.259833
P88824432,C12706983,7783,0.0931,496,63,3.9,186,2025-07-06,2025-07-31 10:51:20.259833
P86304950,C98825283,8407,0.2053,208,905,3.6,148,2025-07-30,2025-07-31 10:51:20.259833
P94683930,C99638174,8942,0.1212,193,201,4.4,437,2025-07-18,2025-07-31 10:51:20.259833
P78567018,C66897285,6183,0.2703,256,305,4.9,423,2025-07-19,2025-07-31 10:51:20.259833
P63700528,C15216003,7494,0.0486,159,144,3.3,219,2025-07-05,2025-07-31 10:51:20.259833
P82640922,C13635637,2816,0.2505,286,979,3.5,648,2025-07-11,2025-07-31 10:51:20.259833
P77403173,C92945994,7658,0.2257,171,474,3.4,899,2025-07-07,2025-07-31 10:51:20.259833
P68897032,C06638350,5909,0.0816,162,534,3.0,29,2025-07-23,2025-07-31 10:51:20.259833
P81814404,C30054935,4823,0.0116,266,93,3.3,425,2025-07-15,2025-07-31 10:51:20.259833
P93311772,C30273110,8317,0.1747,446,569,4.1,510,2025-07-21,2025-07-31 10:51:20.259833
P75530122,C91805477,6227,0.1358,371,43,4.8,935,2025-07-11,2025-07-31 10:51:20.259833
P17716598,C43322094,6241,0.123,237,36,4.0,60,2025-07-06,2025-07-31 10:51:20.259833
P95386831,C34243161,6830,0.2725,446,360,3.6,366,2025-07-05,2025-07-31 10:51:20.259833
P15813617,C83784694,6416,0.2728,392,981,3.8,197,2025-07-21,2025-07-31 10:51:20.259833
P65950679,C47780823,1835,0.1865,440,553,3.5,165,2025-07-30,2025-07-31 10:51:20.259833
P93684861,C66242106,2608,0.2505,292,319,3.6,157,2025-07-05,2025-07-31 10:51:20.259833
P21172313,C33877596,3515,0.1726,153,977,4.5,503,2025-07-10,2025-07-31 10:51:20.259833
P30697820,C49168321,5671,0.2019,38,880,3.2,64,2025-07-02,2025-07-31 10:51:20.259833
P95682675,C40480823,6980,0.1225,234,572,3.5,441,2025-07-26,2025-07-31 10:51:20.259833
P14648288,C95219177,2861,0.2382,448,456,3.7,184,2025-07-26,2025-07-31 10:51:20.259833
P60267047,C32762367,5381,0.2291,381,246,4.9,533,2025-07-01,2025-07-31 10:51:20.259833
P84155374,C54802625,3643,0.2811,500,575,4.6,977,2025-07-29,2025-07-31 10:51:20.259833
P54988103,C13141006,9197,0.2748,306,751,3.4,893,2025-07-22,2025-07-31 10:51:20.259833
P36339920,C67333771,7265,0.2684,425,485,4.9,112,2025-07-01,2025-07-31 10:51:20.259833
P29649173,C16360785,3582,0.1883,255,91,3.9,628,2025-07-29,2025-07-31 10:51:20.259833
P10278560,C94292297,9329,0.1099,206,889,4.6,313,2025-07-04,2025-07-31 10:51:20.259833
P73792319,C36031356,7112,0.1883,206,474,3.5,975,2025-07-04,2025-07-31 10:51:20.259833
P07353461,C59127962,8413,0.1591,61,337,3.1,291,2025-07-22,2025-07-31 10:51:20.259833
P30700613,C54720346,9595,0.042,347,119,4.4,329,2025-07-07,2025-07-31 10:51:20.259833
P88691177,C20027907,6154,0.1386,398,270,3.7,789,2025-07-22,2025-07-31 10:51:20.259833
P39067254,C32913898,6181,0.2192,486,544,4.4,544,2025-07-29,2025-07-31 10:51:20.259833
P07872425,C69038733,8613,0.21,123,139,3.7,983,2025-07-08,2025-07-31 10:51:20.259833
P39171166,C25883335,7092,0.0747,199,87,3.2,777,2025-07-18,2025-07-31 10:51:20.259833
P30280099,C33354433,8086,0.1054,178,715,4.9,278,2025-07-15,2025-07-31 10:51:20.259833
P93862235,C26898736,734,0.19,273,119,3.9,1,2025-07-28,2025-07-31 10:51:20.259833
P61284548,C78590801,7322,0.1962,235,820,3.1,167,2025-07-25,2025-07-31 10:51:20.259833
P42279378,C56735055,7657,0.0345,41,34,3.2,661,2025-07-06,2025-07-31 10:51:20.259833
P00675888,C05055959,5306,0.2072,242,21,3.1,847,2025-07-27,2025-07-31 10:51:20.259833
P00946270,C53998694,9201,0.1532,206,909,4.5,279,2025-07-30,2025-07-31 10:51:20.259833
P57549318,C27997591,6846,0.2279,440,757,3.3,899,2025-07-14,2025-07-31 10:51:20.259833
P18076506,C69118362,4233,0.1881,437,398,3.9,630,2025-07-12,2025-07-31 10:51:20.259833
P22332382,C32126494,7691,0.0699,189,237,3.7,664,2025-07-03,2025-07-31 10:51:20.259833
P07105159,C11940742,5225,0.1538,111,950,4.6,622,2025-07-21,2025-07-31 10:51:20.259833
P52572942,C47003646,6188,0.1371,202,259,4.7,538,2025-07-13,2025-07-31 10:51:20.259833
P01859325,C71013741,4901,0.0437,169,294,4.5,218,2025-07-17,2025-07-31 10:51:20.259833
P15424734,C69424518,7342,0.05,443,139,4.9,940,2025-07-19,2025-07-31 10:51:20.259833
P23682692,C91097653,3286,0.0662,106,798,4.4,877,2025-07-16,2025-07-31 10:51:20.259833
P59459981,C04286918,1535,0.0572,305,738,3.7,788,2025-07-11,2025-07-31 10:51:20.259833
P85855843,C00610860,9311,0.2408,35,116,3.8,707,2025-07-30,2025-07-31 10:51:20.259833
P68739893,C12722874,8152,0.25,357,229,4.5,532,2025-07-29,2025-07-31 10:51:20.259833
P14181969,C55394108,1033,0.2782,95,947,4.5,541,2025-07-08,2025-07-31 10:51:20.260834
P12008575,C99101985,1567,0.1262,67,268,5.0,702,2025-07-12,2025-07-31 10:51:20.260834
P89736207,C02513604,1926,0.0258,395,360,4.7,754,2025-07-01,2025-07-31 10:51:20.260834
P77471377,C57570787,7651,0.1106,235,659,4.1,250,2025-07-02,2025-07-31 10:51:20.260834
P67375953,C37338801,655,0.0115,20,687,4.7,557,2025-07-08,2025-07-31 10:51:20.260834
P11795409,C33151588,5445,0.2106,481,81,4.6,361,2025-07-22,2025-07-31 10:51:20.260834
P09044677,C07120498,9196,0.1339,144,487,3.8,198,2025-07-20,2025-07-31 10:51:20.260834
P07715746,C16526306,7842,0.0999,114,238,4.5,104,2025-07-09,2025-07-31 10:51:20.260834
P88896514,C41847268,8306,0.207,493,539,4.0,996,2025-07-24,2025-07-31 10:51:20.260834
P01626421,C88270672,1998,0.0288,62,218,3.7,596,2025-07-14,2025-07-31 10:51:20.260834
P76808447,C07365453,2914,0.1274,271,312,3.3,514,2025-07-22,2025-07-31 10:51:20.260834
P11596101,C36878024,2111,0.1864,339,665,4.8,790,2025-07-05,2025-07-31 10:51:20.260834
P68389455,C83302486,2903,0.0911,485,898,4.3,470,2025-07-26,2025-07-31 10:51:20.260834
P23112305,C28210565,9920,0.2828,329,608,3.9,628,2025-07-29,2025-07-31 10:51:20.260834
P66190227,C13605668,4332,0.0167,398,910,4.4,508,2025-07-06,2025-07-31 10:51:20.260834
P53500976,C30973204,9598,0.2462,184,959,4.0,352,2025-07-04,2025-07-31 10:51:20.260834
P49238097,C81050322,5400,0.1751,380,271,3.4,436,2025-07-14,2025-07-31 10:51:20.260834
P70224274,C09130699,4854,0.0661,452,378,4.1,674,2025-07-01,2025-07-31 10:51:20.260834
P85789789,C47739854,6138,0.0836,280,549,3.7,229,2025-07-04,2025-07-31 10:51:20.260834
P65658314,C17614696,785,0.2032,361,434,3.4,22,2025-07-10,2025-07-31 10:51:20.260834
P57369050,C71016211,9720,0.0146,408,297,3.9,325,2025-07-11,2025-07-31 10:51:20.260834
P33952468,C79141437,6811,0.2621,33,911,4.2,186,2025-07-18,2025-07-31 10:51:20.260834
P54065442,C22644728,7611,0.2312,384,793,4.4,121,2025-07-25,2025-07-31 10:51:20.260834
P83489593,C93983207,3929,0.1008,207,942,4.7,219,2025-07-18,2025-07-31 10:51:20.260834
P90802343,C06999524,8604,0.1053,30,54,3.8,514,2025-07-06,2025-07-31 10:51:20.260834
P36678037,C37351126,6260,0.0151,219,74,4.0,724,2025-07-11,2025-07-31 10:51:20.260834
P92929098,C82595222,839,0.0407,143,564,4.5,804,2025-07-28,2025-07-31 10:51:20.260834
P35992172,C35399903,2976,0.2484,339,378,3.0,192,2025-07-24,2025-07-31 10:51:20.260834
P72823174,C93567779,9468,0.1986,154,735,3.4,29,2025-07-25,2025-07-31 10:51:20.260834
P60699752,C09282800,6462,0.212,28,36,4.9,333,2025-07-03,2025-07-31 10:51:20.260834
P02541179,C51190012,3951,0.0809,92,643,3.0,610,2025-07-27,2025-07-31 10:51:20.260834
P35346267,C94844588,3938,0.0253,197,938,4.7,180,2025-07-18,2025-07-31 10:51:20.260834
P31844663,C14709968,7615,0.0667,336,721,4.1,288,2025-07-01,2025-07-31 10:51:20.260834
P07858997,C70455824,5479,0.2478,426,721,4.5,828,2025-07-10,2025-07-31 10:51:20.260834
P91133559,C49320308,1684,0.1544,244,888,4.2,193,2025-07-20,2025-07-31 10:51:20.260834
P90603579,C97015069,9880,0.2599,201,451,4.7,336,2025-07-05,2025-07-31 10:51:20.260834
P47048781,C09279825,1420,0.2404,484,83,3.5,492,2025-07-23,2025-07-31 10:51:20.260834
P72530769,C21363201,9932,0.1044,48,986,4.5,935,2025-07-09,2025-07-31 10:51:20.260834
P89627333,C01240496,4444,0.1431,278,993,4.9,605,2025-07-06,2025-07-31 10:51:20.260834
P36789426,C02208197,1001,0.2886,450,212,5.0,137,2025-07-30,2025-07-31 10:51:20.260834
P94473784,C28652011,1547,0.1865,93,24,4.7,141,2025-07-20,2025-07-31 10:51:20.260834
P16639336,C15981819,2510,0.0371,493,463,4.1,574,2025-07-29,2025-07-31 10:51:20.260834
P82714572,C83523633,7983,0.1245,493,359,3.4,687,2025-07-05,2025-07-31 10:51:20.260834
P50530774,C48086408,1538,0.0808,99,735,3.4,397,2025-07-22,2025-07-31 10:51:20.260834
P91217245,C54733707,8831,0.287,139,934,4.1,652,2025-07-13,2025-07-31 10:51:20.260834
P42745280,C36200862,4101,0.2609,55,598,3.9,324,2025-07-05,2025-07-31 10:51:20.260834
P82968878,C34760549,9796,0.1249,139,949,4.1,957,2025-07-20,2025-07-31 10:51:20.260834
P42203767,C71491548,7186,0.1774,216,914,3.5,588,2025-07-29,2025-07-31 10:51:20.260834
P86179608,C58924941,6205,0.1544,386,679,3.8,671,2025-07-02,2025-07-31 10:51:20.260834
P60961628,C88179863,1182,0.0858,396,29,3.7,515,2025-07-10,2025-07-31 10:51:20.260834
P41267533,C61274874,9202,0.2931,290,244,3.8,540,2025-07-08,2025-07-31 10:51:20.260834
P61281793,C88086848,6089,0.0504,26,26,3.8,347,2025-07-15,2025-07-31 10:51:20.260834
P93306952,C65700578,8345,0.0573,320,791,3.7,553,2025-07-02,2025-07-31 10:51:20.260834
P00790525,C85191155,8315,0.1735,259,962,3.9,476,2025-07-10,2025-07-31 10:51:20.260834
P69438976,C36826671,9943,0.2529,451,946,4.0,492,2025-07-16,2025-07-31 10:51:20.260834
P73144626,C25283406,7560,0.0925,498,341,3.4,623,2025-07-12,2025-07-31 10:51:20.260834
P47021743,C75089936,3767,0.1996,140,220,4.5,499,2025-07-19,2025-07-31 10:51:20.260834
P74540319,C11261969,4995,0.2118,362,348,3.6,937,2025-07-01,2025-07-31 10:51:20.260834
P22143651,C53625416,2763,0.0764,459,604,4.4,303,2025-07-01,2025-07-31 10:51:20.260834
P35216163,C09200354,9857,0.0562,187,576,3.5,3,2025-07-02,2025-07-31 10:51:20.260834
P45096032,C76835345,4907,0.0872,179,962,3.8,521,2025-07-24,2025-07-31 10:51:20.260834
P94741684,C20689103,9128,0.0786,322,793,4.3,334,2025-07-22,2025-07-31 10:51:20.260834
P63364528,C80337678,923,0.2487,295,279,4.9,659,2025-07-17,2025-07-31 10:51:20.260834
P82083870,C25394603,1504,0.181,20,650,4.6,369,2025-07-18,2025-07-31 10:51:20.260834
P25423572,C02010258,843,0.217,36,579,3.4,247,2025-07-06,2025-07-31 10:51:20.260834
P99594934,C30025299,8150,0.024,419,333,5.0,869,2025-07-29,2025-07-31 10:51:20.260834
P17418953,C87028334,5987,0.0933,149,214,3.8,244,2025-07-01,2025-07-31 10:51:20.260834
P44372143,C37211962,6373,0.0801,361,889,4.6,235,2025-07-08,2025-07-31 10:51:20.260834
P44704770,C69669104,8955,0.1965,381,487,4.9,286,2025-07-18,2025-07-31 10:51:20.260834
P33553019,C51233215,3095,0.1555,412,539,3.8,728,2025-07-17,2025-07-31 10:51:20.260834
P76642490,C19237275,1686,0.1199,429,987,3.8,320,2025-07-30,2025-07-31 10:51:20.260834
P07352847,C26548037,5561,0.2948,498,465,4.8,689,2025-07-17,2025-07-31 10:51:20.260834
P00483395,C00008281,5604,0.2978,299,25,4.7,617,2025-07-08,2025-07-31 10:51:20.260834
P33802000,C04276655,4547,0.2571,495,808,4.3,28,2025-07-19,2025-07-31 10:51:20.260834
P80927724,C92178248,9531,0.0825,157,418,3.8,489,2025-07-04,2025-07-31 10:51:20.260834
P43673107,C90317542,4135,0.1329,306,688,4.9,223,2025-07-07,2025-07-31 10:51:20.260834
P29346262,C82227120,8397,0.2544,70,171,4.9,76,2025-07-14,2025-07-31 10:51:20.260834
P31616814,C96731231,4491,0.0666,193,879,4.0,909,2025-07-22,2025-07-31 10:51:20.260834
P15057581,C02326175,971,0.2354,59,223,3.6,463,2025-07-17,2025-07-31 10:51:20.260834
P26170050,C30303720,2700,0.1899,87,71,3.1,503,2025-07-29,2025-07-31 10:51:20.260834
P85755859,C53175382,3182,0.2758,376,355,3.1,978,2025-07-28,2025-07-31 10:51:20.260834
P55003510,C02350505,9017,0.2693,490,657,4.9,457,2025-07-22,2025-07-31 10:51:20.260834
P07146573,C07842749,7579,0.0576,326,205,3.6,563,2025-07-12,2025-07-31 10:51:20.260834
P00141656,C11652490,4091,0.2782,174,948,4.7,67,2025-07-17,2025-07-31 10:51:20.260834
P48113883,C24481021,5595,0.1347,79,516,4.4,557,2025-07-02,2025-07-31 10:51:20.260834
P48935519,C91343207,5534,0.2923,352,899,4.7,280,2025-07-30,2025-07-31 10:51:20.260834
P64298452,C03963170,1048,0.1829,460,623,4.1,134,2025-07-11,2025-07-31 10:51:20.260834
P63349161,C58342550,7123,0.0119,58,805,4.5,522,2025-07-09,2025-07-31 10:51:20.260834
P33467253,C99473908,4364,0.1832,241,913,3.8,77,2025-07-24,2025-07-31 10:51:20.260834
P85115415,C65098671,4265,0.188,180,92,4.8,903,2025-07-12,2025-07-31 10:51:20.260834
P10499733,C75671411,6811,0.2077,434,147,4.3,870,2025-07-17,2025-07-31 10:51:20.260834
P35162371,C95751282,1295,0.1623,129,909,4.7,152,2025-07-23,2025-07-31 10:51:20.260834
P18137481,C87904004,6242,0.1338,147,723,3.1,415,2025-07-22,2025-07-31 10:51:20.260834
P68789584,C61695517,2058,0.1066,473,793,3.6,169,2025-07-28,2025-07-31 10:51:20.260834
P83220553,C35760805,8528,0.036,328,514,4.0,185,2025-07-14,2025-07-31 10:51:20.260834
P41963614,C46678302,5091,0.0209,419,362,4.8,828,2025-07-01,2025-07-31 10:51:20.260834
P39378068,C94663895,3691,0.2931,261,53,3.4,276,2025-07-27,2025-07-31 10:51:20.260834
P02585871,C77335016,658,0.0665,273,25,4.5,184,2025-07-27,2025-07-31 10:51:20.260834
P00670900,C02335719,8961,0.0655,478,387,3.2,934,2025-07-24,2025-07-31 10:51:20.260834
P14149215,C73864317,6281,0.0434,410,633,3.6,709,2025-07-08,2025-07-31 10:51:20.260834
P01607323,C29259620,6351,0.221,96,111,4.9,498,2025-07-06,2025-07-31 10:51:20.260834
P35743225,C01335471,4155,0.1546,480,123,4.5,226,2025-07-16,2025-07-31 10:51:20.260834
P73541287,C67309649,7951,0.2879,220,892,4.3,976,2025-07-18,2025-07-31 10:51:20.260834
P99209215,C60533974,8458,0.1406,233,44,4.0,361,2025-07-21,2025-07-31 10:51:20.260834
P99893014,C53366424,5825,0.2808,102,413,4.4,527,2025-07-14,2025-07-31 10:51:20.260834
P39479553,C08505971,9980,0.2695,85,841,4.5,274,2025-07-09,2025-07-31 10:51:20.260834
P43584977,C97544904,3736,0.0891,490,164,4.7,665,2025-07-19,2025-07-31 10:51:20.260834
P74307137,C12089603,1521,0.0482,290,544,4.9,44,2025-07-25,2025-07-31 10:51:20.260834
P05763385,C40963555,6339,0.1168,484,744,5.0,296,2025-07-04,2025-07-31 10:51:20.260834
P60643978,C26999895,7637,0.1606,139,26,4.2,399,2025-07-27,2025-07-31 10:51:20.260834
P31881272,C31689494,5051,0.207,353,409,3.0,519,2025-07-09,2025-07-31 10:51:20.260834
P74024739,C68414563,6331,0.1834,36,197,3.1,811,2025-07-28,2025-07-31 10:51:20.260834
P44714606,C38054186,6983,0.2621,10,107,4.7,123,2025-07-18,2025-07-31 10:51:20.260834
P36648107,C97103220,544,0.2421,394,865,3.1,701,2025-07-27,2025-07-31 10:51:20.260834
P98647848,C42647391,4401,0.2904,80,731,3.3,497,2025-07-28,2025-07-31 10:51:20.260834
P99910282,C57687896,2339,0.2804,116,360,3.3,184,2025-07-17,2025-07-31 10:51:20.260834
P61445695,C54732808,6093,0.1868,283,307,4.5,59,2025-07-06,2025-07-31 10:51:20.260834
P89022723,C84337164,1917,0.1608,22,152,4.7,556,2025-07-09,2025-07-31 10:51:20.260834
P66577883,C62475523,2980,0.1188,479,747,3.7,263,2025-07-02,2025-07-31 10:51:20.260834
P84544806,C84511563,5685,0.1927,248,211,4.8,435,2025-07-27,2025-07-31 10:51:20.260834
P73731143,C79444832,7862,0.2396,330,201,3.6,103,2025-07-20,2025-07-31 10:51:20.260834
P12781056,C56791936,4393,0.2019,378,898,4.2,760,2025-07-13,2025-07-31 10:51:20.260834
P04299719,C44141536,2230,0.0537,406,604,4.5,363,2025-07-21,2025-07-31 10:51:20.260834
P69825010,C05530936,8985,0.052,401,393,4.0,375,2025-07-19,2025-07-31 10:51:20.260834
P60476526,C47907460,2315,0.2027,310,748,4.7,132,2025-07-02,2025-07-31 10:51:20.260834
P30979743,C54687136,4253,0.1858,18,882,3.3,25,2025-07-28,2025-07-31 10:51:20.260834
P35552784,C10153888,3049,0.1196,471,884,3.5,165,2025-07-03,2025-07-31 10:51:20.260834
P42890592,C44746341,2767,0.259,366,494,3.2,712,2025-07-10,2025-07-31 10:51:20.260834
P43000028,C55897085,7549,0.2902,356,908,4.1,461,2025-07-09,2025-07-31 10:51:20.260834
P61882035,C51385159,8137,0.2584,402,977,4.9,814,2025-07-14,2025-07-31 10:51:20.260834
P40003032,C11554058,1387,0.0148,354,877,3.5,693,2025-07-24,2025-07-31 10:51:20.260834
P57754911,C43232387,7953,0.1927,462,976,4.8,101,2025-07-07,2025-07-31 10:51:20.260834
P51088905,C51813762,1549,0.2505,243,363,3.9,188,2025-07-25,2025-07-31 10:51:20.260834
P44580770,C34759089,8176,0.1195,490,227,4.7,935,2025-07-11,2025-07-31 10:51:20.260834
P36243868,C19076760,9353,0.0886,417,823,3.5,282,2025-07-13,2025-07-31 10:51:20.260834
P14466626,C60395816,5265,0.2063,285,533,3.1,547,2025-07-20,2025-07-31 10:51:20.260834
P00882656,C39383221,7605,0.1295,139,335,4.5,852,2025-07-28,2025-07-31 10:51:20.260834
P74279035,C99682092,950,0.13,245,236,4.6,51,2025-07-09,2025-07-31 10:51:20.260834
P74215917,C36850244,1148,0.0712,133,72,3.7,393,2025-07-10,2025-07-31 10:51:20.260834
P06166599,C58040527,3704,0.1539,166,30,4.4,133,2025-07-26,2025-07-31 10:51:20.260834
P84440724,C44850670,2346,0.1349,417,498,3.2,125,2025-07-17,2025-07-31 10:51:20.260834
P36362995,C31985062,7101,0.0627,437,574,4.4,350,2025-07-05,2025-07-31 10:51:20.260834
P71696197,C77956324,8629,0.207,418,814,3.6,433,2025-07-12,2025-07-31 10:51:20.260834
P80090460,C27310657,1573,0.0457,413,417,4.4,733,2025-07-29,2025-07-31 10:51:20.260834
